timestamp,tmin,tmean,tmax,sunset,tpmin,tprophet,tpmax
2025-07-20 19:00:00,11.209512305841214,11.310191642238744,11.449999809265137,False,10.60823816610846,11.125209862872898,11.633696846245526
2025-07-20 19:15:00,11.048130206572704,11.188591466494271,11.40876051503369,False,10.560907205422463,11.065818147118943,11.564925062697444
2025-07-20 19:30:00,10.960577227111555,11.076703744178296,11.234829030485235,False,10.474731770505093,11.000687088128023,11.495532136321176
2025-07-20 19:45:00,10.860212991592732,10.97839016399323,11.12962734952886,False,10.424481803274013,10.91325631608981,11.43324519468405
2025-07-20 20:00:00,10.804807593679836,10.915748285705297,11.043055571042574,False,10.278632043718162,10.808857558065554,11.324192132179862
2025-07-20 20:15:00,10.67547876073959,10.82293753019983,10.967659621543072,False,10.17505089830521,10.70837272962111,11.208742315912808
2025-07-20 20:30:00,10.550000190734863,10.69734817355042,10.91239353734204,False,10.135597018701628,10.634890799492855,11.175426161732018
2025-07-20 20:45:00,10.46105754069793,10.63696127201475,10.814262769161129,False,10.102990600439265,10.600981858930506,11.151313593789025
2025-07-20 21:00:00,10.47340448257771,10.707539373858042,10.899627283786206,False,10.058382963579467,10.603136572201542,11.052253060835866
2025-07-20 21:15:00,10.516560163253391,10.712346379213669,10.836271554995806,False,10.138708235270908,10.625440774155136,11.133349036115812
2025-07-20 21:30:00,10.479914396237104,10.627844624797698,10.744391021565496,False,10.081202990249126,10.649343687410948,11.129476443072978
2025-07-20 21:45:00,10.31984042715519,10.57917022131751,10.754148791698698,False,10.13848819646507,10.66334945465949,11.185891241361814
2025-07-20 22:00:00,10.46923074966822,10.658484672949433,10.84284222431672,False,10.17848073355054,10.66713900875412,11.178543799175037
2025-07-20 22:15:00,10.328723298742416,10.512239702776473,10.708776534871852,False,10.152705431475065,10.668365981635556,11.163965782701851
2025-07-20 22:30:00,10.510737337617792,10.733277141451728,10.937446451594688,False,10.170581741325053,10.674828287691781,11.215875624711789
2025-07-20 22:45:00,10.49588702682756,10.618298314627484,10.760897448939136,False,10.144471770390224,10.687281585919699,11.202025920332451
2025-07-20 23:00:00,10.3296275849038,10.473409269875992,10.64914902220381,False,10.179375278424011,10.697449691767805,11.212636994820857
2025-07-20 23:15:00,10.283813822982658,10.437414768258536,10.662499961690006,False,10.227346018243448,10.692387663385809,11.21563303043867
2025-07-20 23:30:00,10.353883187314295,10.529140756830689,10.760584940808885,False,10.141408404261243,10.662395904075652,11.134688320744862
2025-07-20 23:45:00,10.159401636857252,10.339740365790243,10.528472093435434,False,10.077926532124506,10.607538603541048,11.136160664706818
2025-07-21 00:00:00,9.994017018212212,10.147894562008297,10.30203007429074,False,10.002826029878886,10.538704269837229,11.0721284720442
2025-07-21 00:15:00,9.717287189402478,9.901602024753585,10.045372293350544,False,9.924220035349208,10.472450654054441,11.008325490158201
2025-07-21 00:30:00,9.62596153601622,9.780066375035243,9.901335671416714,False,9.897244544828919,10.422580940852168,10.958230252879584
2025-07-21 00:45:00,9.556303513355743,9.740222770956608,9.974626272152632,False,9.83611627753347,10.393300429742222,10.865436758498408
2025-07-21 01:00:00,9.788510545771173,10.103510902028322,10.415957410284811,False,9.826868953363718,10.377818640022552,10.897702759243996
2025-07-21 01:15:00,10.242200835138304,10.55047602321391,10.950374285380043,False,9.822069240841191,10.363032719535548,10.854517250706053
2025-07-21 01:30:00,10.275638389587405,10.478158679563249,10.747712837381568,False,9.821964710668682,10.337401265648179,10.861945198797986
2025-07-21 01:45:00,9.956730907798832,10.334910189990543,10.715919111528969,False,9.804553318270099,10.297368139749555,10.745084607073144
2025-07-21 02:00:00,9.894070588625397,10.0627720394575,10.39017098581689,False,9.749501817234641,10.248703324431155,10.769518595139246
2025-07-21 02:15:00,10.11494669406972,10.437864417459911,10.881595696794228,False,9.680419598115588,10.202227761148153,10.70732371225304
2025-07-21 02:30:00,10.448237158294416,10.77720379438329,11.143589806352924,False,9.652899979154794,10.16670436679587,10.67201202230026
2025-07-21 02:45:00,10.677393600788522,10.925765460002689,11.108670384833154,False,9.609349498369737,10.143253727590846,10.672171621077386
2025-07-21 03:00:00,10.061805264562624,10.551771243508671,10.984882505530985,False,9.614185780389391,10.124611837779959,10.636812064602177
2025-07-21 03:15:00,10.152937909476778,10.81714878446472,11.123611132303871,False,9.567151355880005,10.099576457946977,10.598942160231873
2025-07-21 03:30:00,9.702446961910166,10.11832863240827,10.700478870310684,False,9.529518695258465,10.059895669437276,10.576036984369521
2025-07-21 03:45:00,9.815651787651907,10.099950899577482,10.46650666456956,False,9.493554055487918,10.005466624671934,10.524599085222578
2025-07-21 04:00:00,10.221154074383596,10.426124946089912,10.590919034093874,False,9.426042707925198,9.944802911952792,10.484063433497914
2025-07-21 04:15:00,10.246861754072471,10.521009273416803,10.79606393043031,False,9.417524528576006,9.89057639532787,10.361480025576494
2025-07-21 04:30:00,9.923077000512016,10.117967344409966,10.394230732550987,False,9.30635139181926,9.852905935662617,10.36591227482468
2025-07-21 04:45:00,9.827553347323803,10.006310956876384,10.171648934546935,False,9.308684890770405,9.83425790374406,10.319116308632557
2025-07-21 05:00:00,10.0,10.10795230940052,10.28194426267575,False,9.324688569702005,9.828702953587435,10.322663465339293
2025-07-21 05:15:00,9.848557769742786,10.031147920480532,10.282157979459845,False,9.308818504017875,9.825606516130875,10.286567000027983
2025-07-21 05:30:00,9.728723728910406,9.860985087528118,10.02595709536938,False,9.302914387600694,9.815283964527268,10.347285900693906
2025-07-21 05:45:00,9.686966040195562,9.831008594091166,9.997168614314152,False,9.246232828313232,9.79325514903525,10.314946228163432
2025-07-21 06:00:00,9.614893564264824,9.871695088170243,10.225000381469728,False,9.201166434536127,9.760948300983367,10.265552047844734
2025-07-21 06:15:00,9.524999618530272,9.729212994427222,9.939850391485752,False,9.23157647155896,9.723165654473245,10.246763959989975
2025-07-21 06:30:00,9.554754000443678,9.751886196608195,9.89439112915952,False,9.143727721259358,9.684708341120082,10.219933492070918
2025-07-21 06:45:00,9.46515933503496,9.622944329979736,9.740744643515727,False,9.125964932783367,9.6489157540259,10.140667218801962
2025-07-21 07:00:00,9.070619721697948,9.320224836813924,9.557478554228432,False,9.11856700124187,9.619285918518472,10.19067350462488
2025-07-21 07:15:00,9.037660130068788,9.204276021130845,9.311591979784843,False,9.073625566974462,9.602868401130028,10.138603007806655
2025-07-21 07:30:00,9.157021364252618,9.312903313971365,9.54978741990759,False,9.092378107846177,9.61243631497791,10.111793763123426
2025-07-21 07:45:00,9.22841916940151,9.489824268579008,9.989583496354584,False,9.154634890799557,9.664773300052303,10.179471926441254
2025-07-21 08:00:00,9.539681040987055,9.798723900649492,10.195425768101469,False,9.277793239107423,9.774714521360277,10.309747345427324
2025-07-21 08:15:00,9.828899778871454,10.11654485739628,10.407318441276876,False,9.43898961074794,9.947513093249412,10.476734813264473
2025-07-21 08:30:00,10.046367421109451,10.272815278166531,10.55710451419537,False,9.665809046583691,10.173800438671154,10.673817824309102
2025-07-21 08:45:00,10.053670392137892,10.330109092570796,10.585212983476357,False,9.907439340560229,10.43063656374309,10.953702330331874
2025-07-21 09:00:00,10.233654087425297,10.389383068854732,10.618109099885338,False,10.208596321205775,10.689116453912513,11.214880125535156
2025-07-21 09:15:00,10.380159609368508,10.851883451289966,11.294946836917958,False,10.409557311722903,10.925335774129756,11.434020135295002
2025-07-21 09:30:00,10.97686998660748,11.149133448870447,11.36431614965455,False,10.637520776747094,11.129355486478989,11.634343697216913
2025-07-21 09:45:00,11.04690173548511,11.278699749611707,11.448771195533949,False,10.798663180588363,11.307523431581183,11.804574370476713
2025-07-21 10:00:00,11.020691303496664,11.202373507539846,11.394255272885584,False,11.003541482212336,11.47687539578994,11.983646170609592
2025-07-21 10:15:00,11.273931629637367,11.47775278856243,11.672649734040611,False,11.109956532822148,11.654554304370803,12.166483612355714
2025-07-21 10:30:00,11.433119810544529,11.610624211431526,11.802030163952429,False,11.318977227741287,11.847889248374344,12.392049266564712
2025-07-21 10:45:00,11.631968275029609,11.876740363515196,12.083564137397929,False,11.506991951491546,12.050392794969909,12.513509571833868
2025-07-21 11:00:00,11.879326828524595,12.121477598622834,12.42564103134677,False,11.747747370020052,12.245624541964368,12.788332734687648
2025-07-21 11:15:00,12.195744680851064,12.504932797623198,12.952393690068671,False,11.899167054475967,12.416475333319434,12.91762236930194
2025-07-21 11:30:00,12.158172790820782,12.818478608534626,13.264369846409204,False,12.058709281097064,12.554444999784227,13.087581321898531
2025-07-21 11:45:00,12.133493407159788,12.8059361005354,13.376922798971844,False,12.179754189535089,12.663625739071966,13.192714215349529
2025-07-21 12:00:00,12.427074416140291,13.070990039001714,13.672765630356809,False,12.254941932358406,12.757280641464224,13.299060240997091
2025-07-21 12:15:00,13.028845860407902,13.463655648835898,13.836645546122494,False,12.378482397389394,12.849273599024608,13.390572752879553
2025-07-21 12:30:00,13.0549468507158,13.387654830445634,13.779361757319023,False,12.406852784704995,12.945608116234222,13.479008152224235
2025-07-21 12:45:00,12.511591764596792,13.11512069504442,13.726014874939226,False,12.558380565041004,13.041198170033036,13.526579311535098
2025-07-21 13:00:00,12.22264939903194,12.857623237045186,13.492788575653336,False,12.582607663826867,13.123790468225154,13.65082680658476
2025-07-21 13:15:00,12.23936164531302,12.84574922529698,13.312446959475254,False,12.661822198435278,13.182572900887752,13.67619484389802
2025-07-21 13:30:00,12.94919867800851,13.44167577924241,14.035951047881037,False,12.688834427090628,13.216059058011792,13.736076963152716
2025-07-21 13:45:00,13.326228708283514,13.76034867603533,14.18771351300753,False,12.76289434013957,13.23414138763394,13.750936538171631
2025-07-21 14:00:00,12.998563738072171,13.647838812362236,14.006382812337671,False,12.702147668734252,13.252657135471893,13.776333519118868
2025-07-21 14:15:00,12.872222219776903,13.512657278636343,13.971901677612566,False,12.732547029612787,13.283417883515293,13.782628803066043
2025-07-21 14:30:00,12.753350951823782,13.382127391526796,13.754680893268992,False,12.827423444638043,13.325663342519457,13.828690949451907
2025-07-21 14:45:00,12.691346091082972,13.294062539867369,13.798344306456736,False,12.855150517989832,13.364420482697406,13.87657126080885
2025-07-21 15:00:00,12.606944263490856,13.32002519868378,13.74535280618912,False,12.862977984793087,13.377403152490077,13.93884093421961
2025-07-21 15:15:00,12.391223112065742,13.082540286967742,13.707074384486422,False,12.825096704539039,13.347014065798968,13.840758985709174
2025-07-21 15:30:00,12.386858842311762,13.048303532500682,13.684027651436308,False,12.721918198269279,13.270676412084606,13.78212072990138
2025-07-21 15:45:00,12.33425501153824,12.741184464468034,13.286276902543738,False,12.649940566914518,13.163203174303119,13.684158845145879
2025-07-21 16:00:00,11.917895317077637,12.428879563750776,12.867468181838335,False,12.570741399452551,13.049140913080333,13.561280615835349
2025-07-21 16:15:00,11.954700808239798,12.37505547573272,12.651655657678589,False,12.43835952200862,12.948740622149389,13.476012724486099
2025-07-21 16:30:00,12.028829428490171,12.347101183244144,12.628084730594717,False,12.307127828737718,12.865180327860825,13.36710546561737
2025-07-21 16:45:00,12.00373938959888,12.250175941499888,12.50502129090138,False,12.274161337999795,12.780515965851968,13.29493528767647
2025-07-21 17:00:00,11.56853604928041,11.914322791643242,12.227350618085293,False,12.15892540202815,12.663440568015671,13.16962066915464
2025-07-21 17:15:00,11.69063820940383,11.950521460343616,12.152978836221898,False,11.978586638998427,12.485559760858871,12.980456475242924
2025-07-21 17:30:00,11.83167745313074,12.262757997552706,12.750534253242687,False,11.723013870057402,12.23801160825304,12.733435388544716
2025-07-21 17:45:00,12.260159326106944,12.572393812643236,12.824414813264887,False,11.408937945526363,11.939622003440327,12.466591318921196
2025-07-21 18:00:00,11.80454046298296,12.138304702653343,12.55186965322902,False,11.126046833428942,11.631876726402844,12.127025622995731
2025-07-21 18:15:00,11.6562499347915,11.750351893370704,11.883546902583197,False,10.84234975026402,11.362711063535754,11.887437204480666
2025-07-21 18:30:00,11.429946781726594,11.599023234694185,11.742925258392985,False,10.614258934421823,11.166906236778122,11.690742599352987
2025-07-21 18:45:00,11.257264732295631,11.44780873223898,11.616880604344557,False,10.531404682717374,11.052649107298759,11.573168623519305
2025-07-21 19:00:00,11.165425219434374,11.305492785303988,11.44271280410442,True,10.50388771178124,11.00062444302906,11.500056119845018
2025-07-21 19:15:00,11.24935898414025,11.33836424828096,11.424359174875113,False,10.463072812653134,10.975591405507604,11.523775538923804
2025-07-21 19:30:00,11.083547005286585,11.250612681835587,11.399946204617493,False,10.420901935961234,10.944173027399874,11.466565909609766
2025-07-21 19:45:00,10.837499902603474,10.978096321689897,11.128404195257955,False,10.366498174134192,10.889811346009225,11.381486777258175
2025-07-21 20:00:00,10.48082282808092,10.684307402891555,10.890224367125422,False,10.29824869448583,10.817840326312863,11.367826193243753
2025-07-21 20:15:00,10.44011772188366,10.56738181871205,10.691880356552254,False,10.192436915464938,10.749143945877679,11.297323713620656
2025-07-21 20:30:00,10.458351005391872,10.627302694687645,10.747446839352872,False,10.209098764513447,10.706813052958841,11.254182659417712
2025-07-21 20:45:00,10.356624212020485,10.463716414764288,10.590384780851185,False,10.193866113596197,10.70341942984202,11.191734902200501
2025-07-21 21:00:00,10.401595955706656,10.499904900426074,10.602446974084732,False,10.210283361445308,10.735455237795136,11.25511292657124
2025-07-21 21:15:00,10.400694080907057,10.56581675221994,10.726068337758385,False,10.252186683558783,10.787007608935912,11.328835184753387
2025-07-21 21:30:00,10.499893082512749,10.611989480188749,10.751495528424908,False,10.346368586749952,10.839526858572983,11.364082973489948
2025-07-21 21:45:00,10.47260641950242,10.62267152389934,10.833883078554845,False,10.360930551688869,10.88151801265929,11.358767862499233
2025-07-21 22:00:00,10.29385712207892,10.600333034292008,11.032799060528095,False,10.3758298794656,10.912662673724249,11.423577514400078
2025-07-21 22:15:00,10.54202148762155,11.026329338881911,11.360000005681464,False,10.462052137346674,10.940614925545791,11.413129242617032
2025-07-21 22:30:00,10.51939131663396,10.88283368239166,11.122382322947184,False,10.455452583059039,10.973172913169831,11.461293832198239
2025-07-21 22:45:00,10.52003178637252,10.833837483782922,11.043803255782167,False,10.483001802289202,11.011092301462977,11.497054665713444
2025-07-21 23:00:00,10.480851356019365,10.896870497154833,11.248617018030044,False,10.513914311447476,11.046096684364423,11.543731830365374
2025-07-21 23:15:00,10.408119409512253,10.80452104233074,11.244230763525026,False,10.497927236621337,11.065240668481007,11.595183931103437
2025-07-21 23:30:00,10.27948690072084,10.515144345525783,11.056196440998306,False,10.561533567435838,11.058823973396398,11.563683109347675
2025-07-21 23:45:00,10.482819285291306,10.823813475837207,11.110850796800978,False,10.539932079339813,11.026909871006948,11.567518091169092
2025-07-22 00:00:00,10.449999809265137,10.587718640684884,10.823878194531824,False,10.453426807999902,10.980385716442216,11.484814416929009
2025-07-22 00:15:00,10.42829801275375,10.553006121616876,10.783457549074862,False,10.426409440629296,10.935807871310336,11.415930158601528
2025-07-22 00:30:00,10.357211634644075,10.549034381099217,10.7827990483015,False,10.439312920286959,10.906977893789874,11.402624889776893
2025-07-22 00:45:00,10.250534179883124,10.406925118726088,10.635630077785915,False,10.391568525130447,10.898099714961177,11.375487935162548
2025-07-22 01:00:00,10.171755267204125,10.351846517767502,10.550053109513952,False,10.407832358058855,10.9023802580991,11.41681716029719
2025-07-22 01:15:00,10.139529692821014,10.308453152131593,10.528365257458807,False,10.350977200808472,10.906714333700224,11.462507835873899
2025-07-22 01:30:00,10.292659727055977,10.455927809287434,10.68356384520835,False,10.400365403356153,10.89955796577595,11.402433529232162
2025-07-22 01:45:00,10.4535792994703,10.687852807295585,10.996848297934246,False,10.350772095932477,10.877352208035633,11.390816167161708
2025-07-22 02:00:00,10.57516053191617,10.703076045186677,10.851922992967133,False,10.345094660135567,10.845864002650295,11.327077626321241
2025-07-22 02:15:00,10.605744974663915,10.75056045076328,10.922074395037711,False,10.279403197147651,10.815911019723842,11.299140859546156
2025-07-22 02:30:00,10.574358773027727,10.732895976314763,10.89497856808524,False,10.257566206942787,10.796252676576579,11.281224636041546
2025-07-22 02:45:00,10.544337301172762,10.763852695153613,10.982745468107044,False,10.311810542775188,10.788005834239458,11.336293432254815
2025-07-22 03:00:00,10.625,10.797990467715664,10.996329843237046,False,10.308328901826714,10.783902539255184,11.31379268678737
2025-07-22 03:15:00,10.578846267145924,10.735736076353591,10.902137051280748,False,10.254863312585936,10.772736385671383,11.26525757107475
2025-07-22 03:30:00,10.590319239839594,10.728258501262673,10.94776577239341,False,10.24788845460615,10.746251073260703,11.28422154770079
2025-07-22 03:45:00,10.653739374926966,10.817567713370345,11.016506309183235,False,10.208541963868237,10.704339162130069,11.20846142885708
2025-07-22 04:00:00,10.700640849578075,10.8471190348693,11.09754273830316,False,10.172018379281885,10.655509442067185,11.166644708930438
2025-07-22 04:15:00,10.714202219374636,10.970164090264918,11.369786915880567,False,10.11438995798946,10.61242877741148,11.103018912098777
2025-07-22 04:30:00,10.59177332250481,10.86705493082413,11.159615549266848,False,10.072433358250342,10.58521083355426,11.11128655288617
2025-07-22 04:45:00,10.70297860084696,10.827439137808929,11.04202108586088,False,10.060411444981764,10.576316595502886,11.11420871715248
2025-07-22 05:00:00,10.657264929551344,10.84630847274661,11.103792691842104,False,10.066300048448989,10.579811147346177,11.092992529480744
2025-07-22 05:15:00,10.530074429308248,10.827011300850227,11.327778147836018,False,10.0839551302156,10.585054172137104,11.115044412319412
2025-07-22 05:30:00,10.551276742651108,10.763201688712083,11.21840459945354,False,10.087312550501732,10.582355124080243,11.126618307552208
2025-07-22 05:45:00,10.596474557860285,10.787864618063796,11.23894260276077,False,10.031527658975545,10.567227770213844,11.06114712306656
2025-07-22 06:00:00,10.49065161566449,10.803893670933446,11.337714003701496,False,10.036149878242194,10.541094101635842,11.074815830286164
2025-07-22 06:15:00,10.33223393622865,10.547322799454667,10.925851054901772,False,9.980042566059828,10.508749963041721,11.022649990119262
2025-07-22 06:30:00,10.281784408112877,10.443814587840212,10.593055884043377,False,9.983254585196828,10.474989955209901,10.972597693288481
2025-07-22 06:45:00,10.174893780972097,10.361231320278849,10.52606347266664,False,9.931070923223498,10.443146808035612,10.937893033046901
2025-07-22 07:00:00,10.125,10.3348417752785,10.529700580825152,False,9.89155767292914,10.416711757131953,10.947144507928549
2025-07-22 07:15:00,10.066346160367004,10.334493064481489,10.549572830526238,False,9.869909328518597,10.402727464542377,10.891725224013703
2025-07-22 07:30:00,9.92000017774866,10.13917652608475,10.303084840165807,False,9.925716928556126,10.413960031914907,10.9146897606214
2025-07-22 07:45:00,9.895032169472458,10.098417241852117,10.260736856705105,False,9.96399694118187,10.467185990123637,10.943019439313717
2025-07-22 08:00:00,9.930212877151812,10.070095496412964,10.24292529897487,False,10.025706336760773,10.577233307061196,11.09266653293663
2025-07-22 08:15:00,9.984935976501204,10.178679502441746,10.546153961083828,False,10.21312607011591,10.749347821821766,11.228254552696624
2025-07-22 08:30:00,10.1624467271006,10.467923243589066,10.7634617813632,False,10.452700075379227,10.974153613745035,11.49393848433132
2025-07-22 08:45:00,10.668936120702863,10.917833871509004,11.228191509652644,False,10.719426159321237,11.228703287547537,11.753906562577319
2025-07-22 09:00:00,11.165918741470728,11.49322172852728,11.795352520086826,False,10.971701488939178,11.484084379761892,11.995860196085124
2025-07-22 09:15:00,11.639209246024109,11.8736679687611,12.101068513006227,False,11.190267110779589,11.716385069610773,12.246715496981686
2025-07-22 09:30:00,12.003936138558895,12.263215271123885,12.523776703692498,False,11.401944857701425,11.915658807764668,12.418400983799819
2025-07-22 09:45:00,12.307798935816836,12.447830741321807,12.621261005727654,False,11.587826355295277,12.088245908386707,12.584162601380623
2025-07-22 10:00:00,12.432340333816851,12.64199180886237,12.913138202910728,False,11.745946288179692,12.251174627735006,12.78211632314621
2025-07-22 10:15:00,12.535843678009815,12.86206399534676,13.16586524197179,False,11.881775805964512,12.421580368791274,12.929697203777481
2025-07-22 10:30:00,12.927457626049335,13.111846214963167,13.27318380225418,False,12.08261606303582,12.606784719793557,13.143444888167949
2025-07-22 10:45:00,13.110318987420264,13.324100931045855,13.472447131542449,False,12.278760273670875,12.80029277598307,13.320297120971704
2025-07-22 11:00:00,13.333707084003676,13.48751455408635,13.695566095857538,False,12.44837414493176,12.985656705985383,13.514268663251919
2025-07-22 11:15:00,13.446276498348157,13.65744568347715,13.888297669430996,False,12.63583494166831,13.145759979679408,13.623801634328679
2025-07-22 11:30:00,13.250908244369375,13.65856246398479,13.850000381469728,False,12.788193359018221,13.272095120147004,13.769705842633538
2025-07-22 11:45:00,13.280128311907124,13.76570356887218,14.093483044550968,False,12.835014574535986,13.368747096581824,13.871234676962809
2025-07-22 12:00:00,13.524148742188798,13.920445232607218,14.232340471795265,False,12.935849902535471,13.448971861857071,13.955190384059625
2025-07-22 12:15:00,13.62163453631931,14.034618119695743,14.412927525675196,False,12.996781179539402,13.526626274086269,14.028882727841507
2025-07-22 12:30:00,13.08076904574011,13.858101277005392,14.3119657712105,False,13.091375680278968,13.607706916002636,14.133231064926994
2025-07-22 12:45:00,13.282925346049856,13.854543480188829,14.261169904343625,False,13.166157518909113,13.687120978233853,14.17972622817014
2025-07-22 13:00:00,13.153097980042809,13.639320990483878,14.115544685950644,False,13.238010691920445,13.752608518685651,14.285843239080812
2025-07-22 13:15:00,13.117447013043344,13.68623200265894,14.200957675690349,False,13.309540394576853,13.793350931694683,14.323470718610645
2025-07-22 13:30:00,12.87174139674912,13.490838329123028,14.156036637787128,False,13.316484591417648,13.807855476437144,14.324208519050499
2025-07-22 13:45:00,12.924091807797424,13.477250836714548,13.810256603436592,False,13.292723003310398,13.806008448267935,14.32675869763014
2025-07-22 14:00:00,12.26441456003392,13.430879088782142,13.939468083483108,False,13.281817202426549,13.803641130557999,14.326441543864513
2025-07-22 14:15:00,12.399198511726835,13.328093057945656,13.987713842310455,False,13.296745199071864,13.812559345822185,14.319195349838258
2025-07-22 14:30:00,12.681223317410083,13.510043445930808,14.18595773818645,False,13.30131668877381,13.831997260499024,14.350694029671974
2025-07-22 14:45:00,12.823931645124386,13.520567828409238,14.02029951209696,False,13.344262920131927,13.846976528090469,14.334427841442597
2025-07-22 15:00:00,12.611378135844172,13.45746638464004,14.4318374364804,False,13.32588677610429,13.835205920145254,14.372245316524468
2025-07-22 15:15:00,12.729042771522035,13.506190809868968,14.323563839526887,False,13.299783615838576,13.779083325591547,14.314496691588332
2025-07-22 15:30:00,13.02147462225368,13.702048125893969,14.382638768253164,False,13.147722105804661,13.67602737300553,14.200326519222266
2025-07-22 15:45:00,12.73290617038042,13.707359091943774,14.64508510247255,False,13.076523857490931,13.540846760473427,14.041669978258867
2025-07-22 16:00:00,12.490798049277448,13.615866232319837,14.06031908887498,False,12.915073489264858,13.39808405177687,13.907136525854867
2025-07-22 16:15:00,12.359348525348892,13.3458878634214,13.888247665177044,False,12.767691093106809,13.267986543405943,13.764206599313626
2025-07-22 16:30:00,12.307234342047508,13.061833840746209,13.784893754188053,False,12.628267751179818,13.15372887567794,13.67264178433717
2025-07-22 16:45:00,12.694016917139036,13.458081663970752,13.975000381469728,False,12.54322467724872,13.03736392103003,13.525001938360989
2025-07-22 17:00:00,12.872970026782436,13.357926886513964,13.837500074989777,False,12.37923538168452,12.887581982233803,13.426107112656473
2025-07-22 17:15:00,13.292553008870875,13.81663060089429,14.149786855819375,False,12.158859789140259,12.675986301570303,13.207238147550534
2025-07-22 17:30:00,12.253151640932783,12.86309809779271,13.599465765504757,False,11.889486974126616,12.39371291499473,12.894498625104697
2025-07-22 17:45:00,11.782978690938746,12.10040855918874,12.39191502916052,False,11.550916221471258,12.059586054557876,12.558896407594895
2025-07-22 18:00:00,11.44353643645588,11.683788184821337,12.007852383148975,False,11.174517374762635,11.715090216386452,12.202971188356281
2025-07-22 18:15:00,11.175107026711489,11.316367770984272,11.557638767438055,False,10.889096582672895,11.408159790421783,11.887749467700631
2025-07-22 18:30:00,11.222872454054812,11.382732004482534,11.57196805832234,False,10.69787021613647,11.173496841893197,11.671905474116777
2025-07-22 18:45:00,11.404166873703655,11.531177431142291,11.6501603534079,False,10.48579401528867,11.019366799124226,11.484366882683714
2025-07-22 19:00:00,11.37350456123678,11.502529248221828,11.589102696149777,True,10.422606694371133,10.926454755618888,11.436364966879328
2025-07-22 19:15:00,11.45510630911969,11.514135158585445,11.588670381586605,False,10.360100318476109,10.859520625642979,11.416283549258774
2025-07-22 19:30:00,11.43867511423225,11.516502362282672,11.623931636158218,False,10.260605191212719,10.785188629529001,11.301124185109192
2025-07-22 19:45:00,11.322287084701214,11.43301176514114,11.506967990956408,False,10.176277468729275,10.686902436511158,11.212623962720153
2025-07-22 20:00:00,11.276815899416931,11.357147384674075,11.458386739095053,False,10.028425346535538,10.569998095993896,11.097139301259654
2025-07-22 20:15:00,11.207638911711864,11.339874470088672,11.43376074081812,False,9.920845330069767,10.455362130600715,10.998907039490174
2025-07-22 20:30:00,10.995691169576444,11.160320710060876,11.301117255839896,False,9.878532008572966,10.366088402206806,10.89428227592952
2025-07-22 20:45:00,10.673984772119766,10.903867330861582,11.15128205372737,False,9.804881968274797,10.314752182814281,10.830625412611257
2025-07-22 21:00:00,10.662553097339387,10.801598955865034,10.972021610178846,False,9.778245180055729,10.297849606402519,10.794960481711147
2025-07-22 21:15:00,10.687286450312689,10.832961691533637,10.999679353502062,False,9.801404993961478,10.299472267922877,10.828836688452562
2025-07-22 21:30:00,10.736378343696268,10.91195760112304,11.015544581617046,False,9.760077411932595,10.301075441842638,10.819490460625014
2025-07-22 21:45:00,10.61925540680581,10.76873064832916,10.918616875181806,False,9.763229568344494,10.291169615873116,10.83348662334118
2025-07-22 22:00:00,10.496314317752152,10.830532154600755,11.11169870490702,False,9.752615496671863,10.269442362517502,10.802861679550025
2025-07-22 22:15:00,10.0760682097867,10.374697463498112,10.854754297142357,False,9.737749202073328,10.243554249194315,10.742082995592002
2025-07-22 22:30:00,9.96489386457078,10.163980951736608,10.533936159661476,False,9.705123288205304,10.221310423033787,10.730402512781339
2025-07-22 22:45:00,9.93846176017044,10.133853185330764,10.395673120123709,False,9.70741413371683,10.203474074339129,10.749389104438967
2025-07-22 23:00:00,10.12287240535655,10.40383546831814,10.685478827293885,False,9.69011240211073,10.181776849681118,10.710949704583042
2025-07-22 23:15:00,10.24294900894165,10.462223572391968,10.72248939367441,False,9.597256245730637,10.143281939390986,10.632585452833304
2025-07-22 23:30:00,10.26244682735867,10.522177886269183,10.725000381469728,False,9.56977371945461,10.07829818126662,10.5471115239235
2025-07-22 23:45:00,9.72164892643056,10.11783114000271,10.514521408081055,False,9.4617435299906,9.986898502925944,10.446915155710075
2025-07-23 00:00:00,9.357531995854826,9.61719289777235,9.989529984629051,False,9.372211234259824,9.879980454869822,10.38317481985315
2025-07-23 00:15:00,9.340850935591028,9.463750361869538,9.6547338404554,False,9.235084609338395,9.774111136383802,10.300778331903484
2025-07-23 00:30:00,9.506036244905912,9.919283063933294,10.500854969024658,False,9.185889710843895,9.683103387886417,10.171312878691783
2025-07-23 00:45:00,9.501121891869438,9.89970109304486,10.340171064067093,False,9.110367316059042,9.611172470256772,10.175338858612529
2025-07-23 01:00:00,8.802872345295357,9.154255788586376,9.661276679343366,False,9.059356165736135,9.551538173757908,10.065531031193501
2025-07-23 01:15:00,8.653044806586372,8.872885977274548,9.269871442745892,False,8.954801239076161,9.49110822672487,10.022159509178413
2025-07-23 01:30:00,8.54273493677123,8.688259698608004,8.933386741540371,False,8.90668966845558,9.418352116732674,9.915928433669846
2025-07-23 01:45:00,8.51888299089797,8.692141679942527,8.936489352774112,False,8.811821301767214,9.32972490642147,9.861278814784512
2025-07-23 02:00:00,8.504700958219349,8.725754709446685,9.00502129090138,False,8.68504323748776,9.23100809117335,9.718743667559998
2025-07-23 02:15:00,8.32553173633332,8.623726322472823,9.086223391269115,False,8.580205476609096,9.133034437105124,9.66808243248846
2025-07-23 02:30:00,8.119658135960245,8.537367293535869,9.058921186333029,False,8.542573369932402,9.044578998338178,9.546736800945677
2025-07-23 02:45:00,8.111538630265455,8.364719493017564,8.671153671721108,False,8.427173324520272,8.966774811168548,9.465782169030541
2025-07-23 03:00:00,8.200638328714573,8.435374168423627,8.681808597483533,False,8.391274736810505,8.892370632930216,9.40945639252055
2025-07-23 03:15:00,8.002564096043253,8.2249509122203,8.455342015649519,False,8.291095293356742,8.810177300724089,9.349836533792498
2025-07-23 03:30:00,7.9986169815063475,8.162109798588544,8.34393639665969,False,8.153967815125176,8.711956285830095,9.19664090537204
2025-07-23 03:45:00,7.878418690119034,8.044632006879503,8.225000381469727,False,8.10168442391895,8.59761844390927,9.116466252475092
2025-07-23 04:00:00,7.882104559841319,8.050326659328658,8.206517052446674,False,7.955921678101427,8.475691379813698,8.959344258844927
2025-07-23 04:15:00,7.8794680575107,8.080939820774436,8.225000381469727,False,7.827738789280018,8.358861287259764,8.912116171724053
2025-07-23 04:30:00,7.699999809265137,7.843673631741277,8.04695512698247,False,7.7305408378703655,8.257261669416497,8.757254660601816
2025-07-23 04:45:00,7.788408036924835,8.048479956760257,8.342735082675249,False,7.640348434139059,8.17337385169468,8.67097034414168
2025-07-23 05:00:00,7.81856379204608,8.102155726421143,8.434893940864725,False,7.597610207514385,8.101283754428406,8.623052926910535
2025-07-23 05:15:00,7.4504271613226996,7.739209396038343,8.004754329339052,False,7.551364200471566,8.030372385756543,8.53837563351793
2025-07-23 05:30:00,7.675797837845822,8.026994778998786,8.222234360715175,False,7.405507411537285,7.950971006380115,8.467182916574721
2025-07-23 05:45:00,7.3192309273613825,7.618806362655038,8.002670921831049,False,7.374802867045162,7.858615663267203,8.373301334374082
2025-07-23 06:00:00,7.390438071682921,7.596715522180971,7.749091877896562,False,7.19308561012531,7.754751092473367,8.275825523653277
2025-07-23 06:15:00,7.200212811409159,7.441688298104089,7.655372331497517,False,7.24663791122492,7.730456301739769,8.248580297326367
2025-07-23 06:30:00,7.081944606243035,7.254564921850291,7.4250534293998,False,7.238000199563713,7.704289578162245,8.19995956377403
2025-07-23 06:45:00,7.195585187952569,7.422637838887758,7.688191529537769,False,7.162928054308413,7.6796077361634385,8.241342352656416
2025-07-23 07:00:00,7.298985106313331,7.547111982873492,7.765170998043484,False,7.133857341305675,7.6599265246718105,8.18915998784441
2025-07-23 07:15:00,7.31613262086852,7.546485502976985,7.797222402360704,False,7.174014454324665,7.652313534820447,8.16646397373331
2025-07-23 07:30:00,7.270478680793275,7.504470833095829,7.822180894080627,False,7.179572746089122,7.669560202756132,8.203704636208032
2025-07-23 07:45:00,6.9748397749713344,7.2793785173777215,7.8521901827592115,False,7.200477013932267,7.72846878814747,8.244188233432201
2025-07-23 08:00:00,6.993803517431275,7.3273127042763795,7.7099893480284605,False,7.310787753239003,7.843893370027812,8.360891031425345
2025-07-23 08:15:00,7.518617104469461,7.812679712400008,8.087233792974594,False,7.512884878179114,8.02110626868447,8.54886784634366
2025-07-23 08:30:00,7.892040631709954,8.095602609556703,8.246046681689402,False,7.7709604325585495,8.250758402414604,8.752821909394028
2025-07-23 08:45:00,7.993510757608616,8.218225500729355,8.419627542698636,False,8.033494999621613,8.509929559209622,9.077332941616152
2025-07-23 09:00:00,8.267307644216423,8.489431509197269,8.757264976827507,False,8.224262813789315,8.769734790350808,9.317835349358678
2025-07-23 09:15:00,8.51420918896667,8.716308006630701,8.939797026479345,False,8.488660621473652,9.00629010701048,9.512333855458042
2025-07-23 09:30:00,8.589574610933344,8.801536450850149,9.02335076839366,False,8.659009390376939,9.20967709541904,9.701620121130043
2025-07-23 09:45:00,8.782745882996128,8.983506109966411,9.170085560562264,False,8.869612908424358,9.386264494035085,9.904690228799861
2025-07-23 10:00:00,9.051762809101334,9.260047494690944,9.4944979594304,False,9.019689322018234,9.553109257798978,10.041898976285394
2025-07-23 10:15:00,9.296223332019563,9.490048683066345,9.76127678079808,False,9.209406704746844,9.72737574717506,10.257131062281514
2025-07-23 10:30:00,9.387179607000109,9.57985136448676,9.812499926640438,False,9.36305606518062,9.916414751594129,10.435902186942608
2025-07-23 10:45:00,9.49781914163143,9.693435698164269,9.89648903380049,False,9.575834160272741,10.113760795069716,10.61917047112676
2025-07-23 11:00:00,9.593269335917938,9.782979367199454,9.988728616991612,False,9.805767403488494,10.302995687128053,10.847873089716183
2025-07-23 11:15:00,9.626121859265188,9.914581045382109,10.131036220452724,False,9.95180845989703,10.467032733415888,10.977701257151834
2025-07-23 11:30:00,9.697553309988468,10.285374834467351,10.734255364600648,False,10.093914872309545,10.597394471947034,11.083224737262766
2025-07-23 11:45:00,10.079967779990954,10.45350769630539,10.78744672302507,False,10.194906208970234,10.698196048389525,11.258831298138794
2025-07-23 12:00:00,10.302127424199533,10.499777293103806,10.77218103611723,False,10.259527855474397,10.782723736758264,11.295707237122127
2025-07-23 12:15:00,10.125,10.481731680970473,10.762393058874668,False,10.358791252554632,10.868004182595495,11.360604234949422
2025-07-23 12:30:00,9.675908100910677,10.454920401350329,10.879380014207628,False,10.449851771416178,10.956925191224666,11.46840279722635
2025-07-23 12:45:00,9.983616804569326,10.607631507379644,11.0446275913969,False,10.52903638969176,11.044424599006668,11.527297450712622
2025-07-23 13:00:00,10.44129254267766,10.845172300493097,11.265170908381796,False,10.628788983190477,11.118273187069045,11.645003035386933
2025-07-23 13:15:00,10.668856959057669,11.1478041376758,11.63910253231342,False,10.661219039897283,11.167683128087383,11.687688243747893
2025-07-23 13:30:00,11.0205319059656,11.448893594789311,11.817233970317435,False,10.706035936185533,11.191192496294494,11.717614914381578
2025-07-23 13:45:00,11.083012902838552,11.452230822110009,11.759348478072727,False,10.701760873812715,11.198718420289179,11.735039038363377
2025-07-23 14:00:00,11.125,11.423512414575647,11.78962759870164,False,10.665051691740503,11.206123015978875,11.718763136423927
2025-07-23 14:15:00,11.230929386921416,11.627645024769436,12.012606645241762,False,10.675896030558421,11.225242918625025,11.742777095070188
2025-07-23 14:30:00,11.076068213862232,11.5788288877799,11.933119374462684,False,10.731442983480289,11.255343068785418,11.741814883070896
2025-07-23 14:45:00,10.97287226331995,11.447413971151038,11.897446490348653,False,10.782112301320394,11.281475836030488,11.787609582992602
2025-07-23 15:00:00,11.285470184097942,11.550373221215477,11.996474359789463,False,10.754325640065854,11.281380630594011,11.7925797838243
2025-07-23 15:15:00,10.476915266158732,11.251076516340955,11.674733827469195,False,10.714101170093587,11.23748588343254,11.744588655082092
2025-07-23 15:30:00,10.87665599024194,11.324456033847142,11.63568360173804,False,10.639247131990855,11.147240648924939,11.63420280800399
2025-07-23 15:45:00,10.862232701391235,11.33020005661696,11.653579336965183,False,10.479901867695718,11.025483915168609,11.528942194717583
2025-07-23 16:00:00,10.80393644292304,11.206985178725509,11.618883291203923,False,10.407137198437866,10.89678838048428,11.391221533680806
2025-07-23 16:15:00,10.37873932439038,11.052753717228594,11.369765057523026,False,10.261675480645401,10.78143130108251,11.280128655126553
2025-07-23 16:30:00,10.438461723490658,11.02091744961056,11.317735292972662,False,10.171374394295217,10.682617082150529,11.161122220599939
2025-07-23 16:45:00,10.671648967012446,10.952292426710704,11.192872343672082,False,10.039431759265863,10.582428146728475,11.072678442226968
2025-07-23 17:00:00,10.117414902418089,10.577293360617016,10.961164613055368,False,9.914954661024002,10.449584114138512,10.979923414384391
2025-07-23 17:15:00,10.002287174793,10.3302883759512,10.681595680561472,False,9.74440228224988,10.255717289642325,10.794127058787504
2025-07-23 17:30:00,9.68541666177603,9.977424516294583,10.280127953260372,False,9.512229929216767,9.991992498990982,10.514207233832021
2025-07-23 17:45:00,9.08552344640096,9.494879722352415,9.833333247747175,False,9.16476549317654,9.677262471278809,10.19492821204892
2025-07-23 18:00:00,8.679734136703166,8.969693985451611,9.302872207316948,False,8.810541387093453,9.353039887402806,9.886632601554638
2025-07-23 18:15:00,8.388568743681295,8.6005137724494,8.810523371411184,False,8.548690618333854,9.067286990824561,9.631976001404057
2025-07-23 18:30:00,8.224893874310432,8.350342950937488,8.51053160809456,False,8.354861011533847,8.854812007102188,9.350684408480358
2025-07-23 18:45:00,7.9364851743747025,8.140420069835862,8.316773826240475,False,8.201351569319929,8.723828838534617,9.22613292810215
2025-07-23 19:00:00,7.856517023510403,8.011528716448936,8.186966133932781,True,8.130324012792112,8.655049321966825,9.154296475040468
2025-07-23 19:15:00,7.729734138732261,7.902968549680905,8.065372495448337,False,8.11650340771904,8.613259706891863,9.14422511225622
2025-07-23 19:30:00,7.71891037419311,7.880058417820588,8.02243597487099,False,8.017762016281026,8.565110122134424,9.092840387686971
2025-07-23 19:45:00,7.728846164850088,7.882782816240886,8.01885690037002,False,8.015986043242284,8.494069700180532,8.985847271922255
2025-07-23 20:00:00,7.642766025218558,7.779093302376619,7.925319168415475,False,7.872382976425701,8.40549949003283,8.91062399274972
2025-07-23 20:15:00,7.552350411048303,7.672134257915085,7.807532002783229,False,7.7702616096851145,8.320310531976414,8.880573039852148
2025-07-23 20:30:00,7.530904236245663,7.763049600479451,8.12866988486432,False,7.74824846140454,8.26162070589821,8.725240180195295
2025-07-23 20:45:00,7.69513885383932,7.79404603508434,7.926228519178863,False,7.729077939663829,8.242028784204129,8.722216066097767
2025-07-23 21:00:00,7.71746808443314,8.014351036713803,8.409508393361019,False,7.715112898245823,8.258053866154656,8.763094422104531
2025-07-23 21:15:00,8.113776732505636,8.409127234177873,8.620957338049056,False,7.7549527772269915,8.293809959812377,8.806826731644897
2025-07-23 21:30:00,8.332852673326801,8.663027362247709,8.93365372551812,False,7.807658343423103,8.330774183589224,8.854599546457434
2025-07-23 21:45:00,8.437712762710897,8.575213247724871,8.789095736564473,False,7.863400343915922,8.357478283169819,8.891012307764722
2025-07-23 22:00:00,8.537499994294256,8.739742666800513,9.045352385594295,False,7.871202667613734,8.373630486786558,8.894437851303001
2025-07-23 22:15:00,8.634829036190979,8.87180670875054,9.164743399008726,False,7.882525758891233,8.386911399316325,8.866020620023601
2025-07-23 22:30:00,8.666063527858004,8.87362109694129,9.090425418285614,False,7.880727438939465,8.405145571245288,8.915075179717094
2025-07-23 22:45:00,8.651388522906181,8.867281344084768,9.104968034304106,False,7.939714984217964,8.429114946815812,8.934490994969453
2025-07-23 23:00:00,8.80235040289724,9.093685695764735,9.387072306412916,False,7.9533306401763255,8.450569262051308,8.952862538692507
2025-07-23 23:15:00,8.675000190734863,8.867828661641044,9.124893561829913,False,7.93377339586449,8.456589117544993,8.958857811107974
2025-07-23 23:30:00,8.65000012389615,8.871328436398338,9.1245726560935,False,7.947856040530388,8.437500067937044,8.974704281816674
2025-07-23 23:45:00,8.445904378688082,8.632364658875506,8.874042543451838,False,7.8659440607215005,8.393391050302188,8.890585029834048
2025-07-24 00:00:00,8.280448791308281,8.473139184135636,8.660523386083097,False,7.747442991795019,8.272576677188166,8.817379218648476
2025-07-24 00:15:00,8.25395299634363,8.409865850985192,8.639743633759327,False,7.60140060777475,8.154236828912103,8.652583940478252
2025-07-24 00:30:00,8.387872103427318,8.630126978700222,8.986223411560058,False,7.490772664784431,8.052198152837821,8.534339436581279
2025-07-24 00:45:00,8.46501067153409,8.649053777922585,8.978152042780167,False,7.486295637763074,7.9706889597903485,8.481827825148423
2025-07-24 01:00:00,8.362500340887841,8.5550801663552,8.759308628325767,False,7.3772523395730065,7.902941318378482,8.458159409506436
2025-07-24 01:15:00,8.403205243950216,8.579457368346036,8.75,False,7.320495363508294,7.835874453193179,8.297326945625164
2025-07-24 01:30:00,8.334828886211428,8.505727609328128,8.646100545540834,False,7.296574237655809,7.757968555156948,8.280077125454604
2025-07-24 01:45:00,8.254574479448035,8.440536689102084,8.687872428082406,False,7.131013329826817,7.665688586918611,8.17576021327293
2025-07-24 02:00:00,8.252083228184627,8.489515147978315,8.79391043410342,False,7.060955521742271,7.564825130720816,8.075316649352272
2025-07-24 02:15:00,8.080128262185642,8.308492464619476,8.65641045366597,False,6.94567263044372,7.466219216793529,7.981070525350818
2025-07-24 02:30:00,8.131329783987491,8.358091436155568,8.712128018318339,False,6.8358265549269515,7.378653331925651,7.876825682943577
2025-07-24 02:45:00,8.03739309310913,8.273133310124448,8.571314400077885,False,6.778965981079531,7.30326710505014,7.811907849498486
2025-07-24 03:00:00,7.723829701606263,7.903827784509344,8.167659806190652,False,6.711725397095064,7.232815038330355,7.78333355320483
2025-07-24 03:15:00,7.724732808577708,7.934529704105899,8.329112959723187,False,6.622172703403264,7.1561128584604194,7.6984718677529775
2025-07-24 03:30:00,7.834722103216709,7.992868452207416,8.19364322352613,False,6.568896270186829,7.064926064373564,7.597248856205188
2025-07-24 03:45:00,7.821010528726781,7.950873238445678,8.114681008521547,False,6.461813892867503,6.959168670986795,7.480638612885119
2025-07-24 04:00:00,7.446100471366165,7.7289439093656895,8.006356913819273,False,6.295441351140145,6.847370568498134,7.358768095880806
2025-07-24 04:15:00,7.132446690823169,7.375571971054042,7.630904199721965,False,6.261317538919498,6.742219356693827,7.338376091582527
2025-07-24 04:30:00,6.904433798586202,7.120564188127367,7.402403915030325,False,6.146399262851998,6.653849061083686,7.176897597929063
2025-07-24 04:45:00,6.766239378187391,6.905922453462871,7.080448668227237,False,6.101631975272623,6.584740641483585,7.114878316600858
2025-07-24 05:00:00,6.54994676874039,6.7282508186627,6.909627610064567,False,6.010715590522874,6.528978761375554,7.036735901720557
2025-07-24 05:15:00,6.369017073231885,6.5353979936663205,6.670886722385374,False,5.920971180885103,6.4759422778407165,6.972562631392746
2025-07-24 05:30:00,6.281250087623922,6.397438182057327,6.549198782342112,False,5.898237240371243,6.415959403948949,6.908644275948714
2025-07-24 05:45:00,6.230425473476978,6.342577885351013,6.51148951713075,False,5.81257985815207,6.344562240782717,6.880832509099943
2025-07-24 06:00:00,6.051388773143801,6.205286889484653,6.343910137812297,False,5.7447623446100256,6.255118881410969,6.751683569786002
2025-07-24 06:15:00,5.947287151661325,6.095104121125732,6.230106471447234,False,5.670601923495636,6.160514424171325,6.679004013304515
2025-07-24 06:30:00,5.789957238058759,5.955654915420982,6.101709420864399,False,5.542222506547495,6.065560472947171,6.560468492567303
2025-07-24 06:45:00,5.69198734128577,5.818952090212552,5.984401755862766,False,5.45319969311783,5.973606297705174,6.495887483831763
2025-07-24 07:00:00,5.792766039422218,6.000225416730031,6.311276598179594,False,5.336425376915823,5.888159204960657,6.412928957541773
2025-07-24 07:15:00,5.822970076503917,5.985136150329584,6.117147353979258,False,5.265393976342029,5.816277447191451,6.311472185536381
2025-07-24 07:30:00,5.750106383384543,5.8933021848220095,6.052606249870138,False,5.268933763994698,5.77074222816687,6.300149088137652
2025-07-24 07:45:00,5.654540612147405,5.792682971857227,5.944230707282694,False,5.250735100057586,5.768344684451176,6.261298855883408
2025-07-24 08:00:00,5.679113227078038,5.837127647436322,6.024465821747088,False,5.310912850473032,5.823926884857068,6.328755785385865
2025-07-24 08:15:00,5.865957477244925,6.051197835517286,6.195531786249039,False,5.427835720465219,5.942748256678656,6.480890554261072
2025-07-24 08:30:00,6.075641032976982,6.194456502007753,6.358546902990748,False,5.593420351745695,6.115445947115102,6.636482443897753
2025-07-24 08:45:00,6.283066246244642,6.512602080854856,6.7159187854864655,False,5.811178562011684,6.319085100675565,6.867044734572858
2025-07-24 09:00:00,6.509840533073913,6.671326184521006,6.808936123137778,False,6.043045496616739,6.524765258409525,7.017977476496327
2025-07-24 09:15:00,6.435576952420748,6.644645395311882,6.926068214269785,False,6.223131402108598,6.708586061448004,7.209088063894178
2025-07-24 09:30:00,6.616489323149336,6.820677024164368,6.998723446054662,False,6.323988193654981,6.860611873332584,7.366883880666102
2025-07-24 09:45:00,6.617734970190586,6.827359085166253,7.027564205675044,False,6.481523548637332,6.987193364877197,7.517277885228952
2025-07-24 10:00:00,6.744764931181557,6.910980178642585,7.115331303360116,False,6.5622858471860495,7.105368586950332,7.594029896179305
2025-07-24 10:15:00,6.897606441822457,7.080532366060574,7.268829863122169,False,6.738929525856624,7.232282168475852,7.711339809882785
2025-07-24 10:30:00,6.887820561726888,7.130645371341862,7.343376102610531,False,6.866485877667366,7.3752643492182575,7.896254126868784
2025-07-24 10:45:00,6.873191395211727,7.146230203473984,7.376276687865562,False,7.072082293920259,7.527828295861926,8.0442758177288
2025-07-24 11:00:00,6.971687926186456,7.129799949977588,7.359829142562344,False,7.137792028032061,7.673533663351428,8.175013773095884
2025-07-24 11:15:00,6.698985089603652,6.954763347787366,7.15721142393911,False,7.293326312294071,7.7952708169165295,8.306777647346344
2025-07-24 11:30:00,6.417872404544911,6.801123575700144,7.174148973505548,False,7.393258417004144,7.884538580017363,8.374278745481906
2025-07-24 11:45:00,6.4542733196519375,6.97707947739516,7.4514423945011234,False,7.4707208220598735,7.945427622135153,8.50108806092407
2025-07-24 12:00:00,7.059188090837919,7.466001776552868,7.854273382415119,False,7.454006930838338,7.9911989920270825,8.527376387043951
2025-07-24 12:15:00,7.383670153516404,7.824314832786674,8.05574450797223,False,7.514996564328613,8.035714035816623,8.582908463867307
2025-07-24 12:30:00,7.164316140688383,7.853090342289102,8.270779556698269,False,7.5905053721933715,8.084973215987537,8.58102813818589
2025-07-24 12:45:00,7.0025533026837286,7.818883680168349,8.212340464490525,False,7.628968025012915,8.133886980091509,8.610816867193263
2025-07-24 13:00:00,7.319871922843476,7.8943955581000465,8.276816396631746,False,7.642469793705676,8.170198028404512,8.690746263102792
2025-07-24 13:15:00,7.257104847166273,7.9414152568027,8.380502448122726,False,7.658700022175953,8.183089776305637,8.681152932608951
2025-07-24 13:30:00,7.277659761144759,7.975199861004105,8.417553260478568,False,7.6740147847833295,8.171070880262064,8.693972486556914
2025-07-24 13:45:00,7.18279911717798,7.8799904736156225,8.45673076923077,False,7.640652690477047,8.144028407076814,8.665261582521465
2025-07-24 14:00:00,7.07202128552376,7.801328209177192,8.271755202273106,False,7.613377589628729,8.117793783782625,8.630478597719767
2025-07-24 14:15:00,7.453098319534563,7.926592700970193,8.369871494097588,False,7.554889612128207,8.104172347124983,8.62869382578183
2025-07-24 14:30:00,7.580715931378878,8.17816254560689,8.626068416823689,False,7.6045801245094875,8.102397147295953,8.625742941277453
2025-07-24 14:45:00,8.088723527624252,8.516170420700632,8.967128006955411,False,7.593795455842273,8.097488089997217,8.620480472732234
2025-07-24 15:00:00,8.013034058432293,8.459175539432948,8.975000381469727,False,7.573390830721086,8.067151566844418,8.598028309572069
2025-07-24 15:15:00,7.845139002188658,8.251859880096372,8.611591783344236,False,7.486255386938124,7.993782454496461,8.544533508833304
2025-07-24 15:30:00,7.782234165516305,8.033973285939263,8.33978728436409,False,7.353664423363386,7.874795736945682,8.389886608814047
2025-07-24 15:45:00,7.861965915076753,8.092198811125423,8.391346140804453,False,7.230736588646777,7.724995835804129,8.258581674718473
2025-07-24 16:00:00,7.676649048987855,8.015955193460446,8.352925535973082,False,7.051689391324362,7.568920407055117,8.06852235829311
2025-07-24 16:15:00,7.420406009396936,7.7709283397943025,8.15101500454112,False,6.893079223722767,7.42681120943756,7.935174384185997
2025-07-24 16:30:00,6.946634738873213,7.445768569386814,7.872115202439137,False,6.782604964961634,7.301836716572895,7.817292420401123
2025-07-24 16:45:00,6.883510668734287,7.317941387793013,7.6147871950839425,False,6.64358982689614,7.176043007379956,7.683959416769961
2025-07-24 17:00:00,6.890544897470718,7.311290924591159,7.618376043107775,False,6.505241355045398,7.018112965947616,7.516083696774119
2025-07-24 17:15:00,6.776063850078177,7.039191970125805,7.370797881674259,False,6.301814808885973,6.799641793524373,7.307470375424014
2025-07-24 17:30:00,6.5169872177971735,6.79852132898696,6.9643162743658085,False,5.990969139991416,6.511756865012455,6.966162151705826
2025-07-24 17:45:00,6.063408103763548,6.351153621198394,6.673717922634548,False,5.683242318954558,6.192075873831744,6.693438236907122
2025-07-24 18:00:00,5.416861645718838,5.832527603349733,6.185372344483721,False,5.329727182765085,5.863270686050507,6.400016063384021
2025-07-24 18:15:00,4.982264871271248,5.201456148361245,5.495940183981871,False,5.077332058413866,5.573265191348838,6.086744709858816
2025-07-24 18:30:00,4.846047095763377,5.071954223437188,5.2705128987630205,False,4.848416265125787,5.356829007131055,5.861373753251039
2025-07-24 18:45:00,4.750425533538169,4.934879832857062,5.077446641313268,False,4.716361511316661,5.222137196492596,5.72268595900748
2025-07-24 19:00:00,4.715277645323011,4.888362220287929,5.058867362829355,True,4.6537538757072205,5.149862549746661,5.6961580052721965
2025-07-24 19:15:00,4.628829698359713,4.798816232633785,4.933297991245351,False,4.566395815994603,5.104752086842616,5.573472839106777
2025-07-24 19:30:00,4.436111260683108,4.634303295579818,4.802510654824411,False,4.524003352361716,5.053416548075602,5.584091396009449
2025-07-24 19:45:00,4.518910212394519,4.64593635039842,4.80181611297477,False,4.482675081404557,4.9792855427712315,5.5135196952964085
2025-07-24 20:00:00,4.552021148356985,4.666969434894443,4.780319057626927,False,4.360284290556824,4.887680486593661,5.360588489503436
2025-07-24 20:15:00,4.449999809265137,4.57391274764031,4.694337685902913,False,4.304091801398932,4.79947270109968,5.354747541633674
2025-07-24 20:30:00,4.415638428546012,4.548562890014373,4.763510815640713,False,4.236137719348765,4.737740286515653,5.251075051866187
2025-07-24 20:45:00,4.34182686275906,4.474408734046365,4.640705285928188,False,4.173274029732218,4.715042199718969,5.2246330793487115
2025-07-24 21:00:00,4.305021526467087,4.410500326389008,4.527457369698419,False,4.233186558763832,4.727857713427952,5.246877770274334
2025-07-24 21:15:00,4.310744796915257,4.426455626861172,4.530904370165886,False,4.217203909441983,4.760261023014042,5.3118565205165655
2025-07-24 21:30:00,4.3165597671117535,4.441410924894504,4.565598385965722,False,4.2884683552434675,4.79368947315141,5.310197239680298
2025-07-24 21:45:00,4.405181560760889,4.545352532209364,4.739529972402458,False,4.277292377338903,4.816635099759182,5.34733702320903
2025-07-24 22:00:00,4.479999923706055,4.598403081915508,4.775319245521058,False,4.300687727416024,4.828766510353527,5.33959654172662
2025-07-24 22:15:00,4.528739425871107,4.626562988881654,4.800000190734863,False,4.321421718712926,4.837724803114484,5.343179757026139
2025-07-24 22:30:00,4.455106211723165,4.614847424629319,4.836595776740541,False,4.302543734322317,4.851295160987509,5.344938836117162
2025-07-24 22:45:00,4.471794764200847,4.633321503678936,4.87275650154831,False,4.36251989038806,4.870220324693764,5.3883968444662
2025-07-24 23:00:00,4.537126168226584,4.63837560317065,4.827350471773718,False,4.37284247324047,4.886211015791236,5.395022806746242
2025-07-24 23:15:00,4.574999809265137,4.671387511461015,4.854042473245174,False,4.382828612618863,4.886309034283654,5.360639386497454
2025-07-24 23:30:00,4.574999809265137,4.716301590790638,4.883653879165649,False,4.3686226389054585,4.8608013727974075,5.357699801460513
2025-07-24 23:45:00,4.620851084526549,4.769567222776538,4.954893658008981,False,4.353686151390634,4.86340069661388,5.325286494613945
2025-07-25 00:00:00,4.525000095367432,4.731435479196902,4.944123930401272,False,4.330322067228025,4.851319807020609,5.360800630468797
2025-07-25 00:15:00,4.535897572835286,4.6757678575614605,4.885897318522136,False,4.356141346299248,4.841102659155224,5.354358958248795
2025-07-25 00:30:00,4.571595605890802,4.705994340871567,4.946436102846835,False,4.303131604396891,4.84653853812648,5.378011973869804
2025-07-25 00:45:00,4.657478735997127,4.787194254815003,4.966079180057232,False,4.358923189206487,4.87181875309904,5.397355759480894
2025-07-25 01:00:00,4.630288333974333,4.777321785609274,4.980876172709669,False,4.411283557865626,4.910138755343465,5.419063167368449
2025-07-25 01:15:00,4.594999885559082,4.744146222010518,4.902340290394236,False,4.455850534251302,4.948381560157966,5.48787317559794
2025-07-25 01:30:00,4.562927384661813,4.69659143077783,4.871634528168246,False,4.427841464970877,4.974991580646915,5.490094411232145
2025-07-25 01:45:00,4.537659718127961,4.631054999384744,4.778297868688056,False,4.488440671864599,4.986398456405562,5.501912222110459
2025-07-25 02:00:00,4.5926815709497175,4.740745802310667,4.996901709809262,False,4.493793027513315,4.988357924102704,5.4866391388533025
2025-07-25 02:15:00,4.57873935577197,4.699377156275145,4.847863144344753,False,4.468575608643486,4.991676668866307,5.517516572118255
2025-07-25 02:30:00,4.449999809265137,4.586425088050949,4.816914747116414,False,4.493981056567373,5.005103354949641,5.546446995030192
2025-07-25 02:45:00,4.452029731538561,4.588039199567573,4.773717894513383,False,4.490508861538777,5.029744333557558,5.5431605601219065
2025-07-25 03:00:00,4.437553178503158,4.560573126368525,4.697340453939235,False,4.5532164326872095,5.0583213956931194,5.581339522684702
2025-07-25 03:15:00,4.430502162020431,4.561195185817921,4.697115396841978,False,4.5627787451409025,5.07961814487132,5.555776906496673
2025-07-25 03:30:00,4.517307758331299,4.612969161467371,4.747329049640232,False,4.5891481011589175,5.08536856583218,5.600738773552471
2025-07-25 03:45:00,4.475159480723929,4.619186509315004,4.742127629543873,False,4.5725937793165725,5.0754557892071315,5.600343985905469
2025-07-25 04:00:00,4.532564507021925,4.624355382074998,4.7424892417351066,False,4.539381066662132,5.058379470955769,5.589053412120953
2025-07-25 04:15:00,4.487713862688113,4.670464981143019,4.8553418807494335,False,4.559115836592019,5.046797646744185,5.59113886539955
2025-07-25 04:30:00,4.609255192127634,4.828718651373929,4.999042573888251,False,4.5370879317604365,5.050815467604031,5.594537507749891
2025-07-25 04:45:00,4.781784163581,4.932816903377407,5.099252223968506,False,4.544693985494113,5.072885727715833,5.565551883374106
2025-07-25 05:00:00,4.94329778184282,5.155262350399282,5.364787251898583,False,4.572031061414133,5.107065652302094,5.586908255154497
2025-07-25 05:15:00,5.043803463634263,5.188300141127982,5.364636751321646,False,4.626530325594775,5.142707406014274,5.653693986760384
2025-07-25 05:30:00,5.028632587856716,5.135090473058506,5.295512994130452,False,4.640606712702566,5.170113273026747,5.721263697278314
2025-07-25 05:45:00,5.032606506347657,5.174743986781661,5.347659553365505,False,4.644727876862964,5.184790207572754,5.681413142085363
2025-07-25 06:00:00,5.096367532371456,5.254700660922349,5.439209343021751,False,4.6652903963005246,5.188153748978457,5.707120274135534
2025-07-25 06:15:00,5.103085022784294,5.264038936007125,5.445744739694798,False,4.680773311139865,5.184993661678493,5.733284879971961
2025-07-25 06:30:00,5.121688021553887,5.268824098118436,5.449732888458121,False,4.643346875237709,5.180098843217467,5.683186261250685
2025-07-25 06:45:00,5.011752151016497,5.209403977235419,5.3688033951653376,False,4.655951381426179,5.176796702631899,5.669009197071605
2025-07-25 07:00:00,5.065319091715711,5.2465658513730125,5.455691398458278,False,4.685202115801541,5.1785735455393525,5.693578455831168
2025-07-25 07:15:00,5.20897441643935,5.380757625026255,5.582799145299146,False,4.705946988547273,5.192467497893489,5.73983534120745
2025-07-25 07:30:00,5.276388989554511,5.386888740096965,5.573610980286557,False,4.68860138951828,5.231240525010922,5.777980236191298
2025-07-25 07:45:00,5.288085164415075,5.436040081941147,5.715159617079065,False,4.816158481566269,5.311665426328149,5.8447555603265755
2025-07-25 08:00:00,5.399251978621524,5.696676437836124,6.007799175050524,False,4.9348142459135085,5.4485668472629305,5.984909130723658
2025-07-25 08:15:00,5.621276581541021,5.778033253284211,5.930319171256207,False,5.133897277331742,5.647187717808359,6.166843343595658
2025-07-25 08:30:00,5.740277771256928,5.919649709617253,6.180769205093384,False,5.400422500709647,5.8981496249985845,6.408024686737786
2025-07-25 08:45:00,5.851388798819648,6.1250966070434965,6.419177358985966,False,5.671298473493899,6.178503101498717,6.692391230258458
2025-07-25 09:00:00,6.126968221461519,6.359195322854425,6.562446809322276,False,5.947676074904476,6.459334034875692,6.979430181117287
2025-07-25 09:15:00,6.317734873192942,6.431213404105173,6.560363174503685,False,6.169750498532448,6.716729381097908,7.23647635318869
2025-07-25 09:30:00,6.383723372601448,6.600697812200833,6.83558500979809,False,6.433009849391819,6.940741795329153,7.441150910774082
2025-07-25 09:45:00,6.730502185658512,6.869200755951946,7.0621260149866085,False,6.672644773971466,7.137711225942075,7.641422102112991
2025-07-25 10:00:00,6.937606736126109,7.153884565242747,7.350267129066663,False,6.824709492760147,7.324665994442041,7.864157819324419
2025-07-25 10:15:00,7.210478703519131,7.5202304151491,7.842234167139581,False,7.007493760661737,7.518742001006178,8.043760787615234
2025-07-25 10:30:00,7.6122328990545025,7.95122088938545,8.288995824308477,False,7.225457231798187,7.727261763696237,8.264611040541824
2025-07-25 10:45:00,8.015598399007422,8.25355952169748,8.5,False,7.38191535362618,7.943731740517452,8.461967760994341
2025-07-25 11:00:00,7.702553004406868,8.278844075261224,8.5,False,7.612993226858293,8.151705895683678,8.673553141436713
2025-07-25 11:15:00,8.141452673154,8.376050218752805,8.599572613707974,False,7.776428748129469,8.334069926714163,8.853644551219197
2025-07-25 11:30:00,8.278723108007553,8.660165969879717,8.935425616325215,False,7.924838413687515,8.482319015080328,9.007740888522706
2025-07-25 11:45:00,8.603204939100477,8.951736926650932,9.29465826963767,False,8.102276383297692,8.60054121995671,9.09693986417514
2025-07-25 12:00:00,8.688354708190657,9.09633502856149,9.402457367660652,False,8.190388872203895,8.701996011767669,9.217900064384379
2025-07-25 12:15:00,8.614095939473902,9.14879560559516,9.530425416662338,False,8.262837452187123,8.800544192635904,9.282733265008996
2025-07-25 12:30:00,9.128311976408346,9.441999431661442,9.804487040919115,False,8.384173349132068,8.90218671703359,9.44303741890098
2025-07-25 12:45:00,9.141329850541783,9.52854704534376,9.882818952519845,False,8.497286620187744,9.001835561117831,9.551358420844892
2025-07-25 13:00:00,9.389690211695484,9.762557050812829,10.062606742239408,False,8.585909444666944,9.087235990343762,9.621709506487868
2025-07-25 13:15:00,9.315064063439005,9.912621825017547,10.261592090639294,False,8.59666257359099,9.147575021090624,9.67438314523063
2025-07-25 13:30:00,9.33329792428524,9.758044154131342,10.169255670588068,False,8.646965275080609,9.181365945456097,9.67776676498373
2025-07-25 13:45:00,9.47120713372516,9.903555421765056,10.245940012809555,False,8.720621698492959,9.198501498407671,9.70703051945931
2025-07-25 14:00:00,9.649839841402494,10.00578989737206,10.324038277324448,False,8.65823342811348,9.214819805003689,9.731642236078228
2025-07-25 14:15:00,9.437127644964988,9.827455430365408,10.220638254855542,False,8.73893624322056,9.24213392667603,9.712518045006739
2025-07-25 14:30:00,9.023771355294771,9.798975915851583,10.13899593271761,False,8.768089408706343,9.279685660905201,9.826271271691104
2025-07-25 14:45:00,9.375,9.807903325196142,10.202872531972034,False,8.837675579461148,9.312504678710301,9.826871163929388
2025-07-25 15:00:00,9.535363441858536,9.936332287105955,10.31869636845385,False,8.819344671066508,9.31830814972203,9.817937609467165
2025-07-25 15:15:00,9.31816240457388,9.960496217290974,10.4434830877516,False,8.782518040863826,9.279502735480236,9.792912535721998
2025-07-25 15:30:00,9.344467828628863,9.849772752301623,10.255798242447224,False,8.675326291259038,9.19351620517735,9.68427480158281
2025-07-25 15:45:00,9.514743535946575,9.730499422153487,9.996100515381904,False,8.610831673745801,9.075166758626967,9.603829101621239
2025-07-25 16:00:00,9.365584929445957,9.709861684292353,10.015052856282985,False,8.433171053577144,8.949006815356752,9.458970057870628
2025-07-25 16:15:00,9.073397114745571,9.523222388326309,9.86506413598346,False,8.306832529325742,8.835293874370478,9.326361427991312
2025-07-25 16:30:00,9.032799052377031,9.290263437179895,9.573771325950949,False,8.240974124990021,8.737213117388613,9.262139188347561
2025-07-25 16:45:00,8.6244678659642,9.002958110500213,9.278616901154214,False,8.12260768982921,8.636828289353664,9.136190134106618
2025-07-25 17:00:00,8.42889932078174,8.722531609657484,9.00160268229297,False,7.94857315272716,8.502840888293026,9.02729533767776
2025-07-25 17:15:00,8.292147611960386,8.602703679936825,8.902671198559622,False,7.784593264611018,8.306865666111637,8.778101076947204
2025-07-25 17:30:00,8.008830031942814,8.483010167061014,8.741914947996749,False,7.569327558796682,8.040050249387601,8.553397748055355
2025-07-25 17:45:00,7.610737089417938,7.935246397083641,8.348343989787958,False,7.169180831237954,7.721231206365392,8.252836570032319
2025-07-25 18:00:00,7.190478836221898,7.508236766511254,7.757180877442056,False,6.835019248387116,7.391905432152892,7.911442065897183
2025-07-25 18:15:00,6.684936030298217,7.00419644242873,7.3467948905423155,False,6.590737504305355,7.100019993586022,7.605587662730548
2025-07-25 18:30:00,6.700747970841888,6.890756482552519,7.084722164349678,False,6.373146343685988,6.8803685592862545,7.414111115898563
2025-07-25 18:45:00,6.555266118556896,6.710989137591685,6.929042497594306,False,6.180435926243517,6.741151102612319,7.287367674675029
2025-07-25 19:00:00,6.433440035224979,6.628195799227345,6.823237154218885,True,6.167102148765132,6.663066168590185,7.175917020134563
2025-07-25 19:15:00,6.251648858252992,6.427260517657424,6.701170123891628,False,6.073397498896608,6.610887360950687,7.140444115369604
2025-07-25 19:30:00,6.1721687704070005,6.4017841823058985,6.674679676691691,False,6.077208114901293,6.551252816796964,7.0757746803340265
2025-07-25 19:45:00,6.101068286814241,6.356483243720968,6.574091793125511,False,5.926099259671495,6.467620339013508,6.995384882091755
2025-07-25 20:00:00,5.947233960983601,6.202278434128284,6.465585026842483,False,5.863053125244199,6.365340316511858,6.885315943357822
2025-07-25 20:15:00,5.938087559153891,6.169627008249075,6.418803585900201,False,5.770470262390991,6.265313806382659,6.774823430738572
2025-07-25 20:30:00,6.150000095367432,6.23557626685569,6.398717978061774,False,5.653919634074345,6.190649388882953,6.740773148679223
2025-07-25 20:45:00,5.976170322742868,6.225153689455695,6.466702000638272,False,5.664857840983113,6.153937226936688,6.656386015203549
2025-07-25 21:00:00,5.836591956961868,6.132411542990615,6.474572650387755,False,5.644033520774901,6.151688506659284,6.717724570569031
2025-07-25 21:15:00,5.730638224013308,5.873267734487869,6.036276594121405,False,5.670046353423407,6.168010024833563,6.693565028917706
2025-07-25 21:30:00,5.721901861011473,5.839304166656122,5.966826982987233,False,5.6839635144618486,6.184372395947564,6.713735413181471
2025-07-25 21:45:00,5.558386808786636,5.747429521458001,5.884935906809619,False,5.686837740912824,6.189301574066479,6.74364886411456
2025-07-25 22:00:00,5.318563812337024,5.53419510924692,5.759680920458854,False,5.683359079282407,6.182500712736583,6.722353619596263
2025-07-25 22:15:00,5.443910181012928,5.674935477637099,5.987446683084863,False,5.649332971180029,6.1716460632215195,6.686658915071625
2025-07-25 22:30:00,5.368510574990131,5.538451799139711,5.803085073511651,False,5.639501181491806,6.16455854724765,6.687712664617373
2025-07-25 22:45:00,5.300534370617989,5.416922366556243,5.602938050897713,False,5.63045997607721,6.162017208753155,6.678047574703004
2025-07-25 23:00:00,5.301389058430989,5.466000368656256,5.650000095367432,False,5.662163853898075,6.15576961481003,6.63750819094617
2025-07-25 23:15:00,5.334680938720704,5.493168816037607,5.673563900399715,False,5.579103839918267,6.132894930695376,6.703218532567597
2025-07-25 23:30:00,5.476495638871804,5.6151118384814085,5.810363264165373,False,5.56394607828944,6.083718012636728,6.6008472008356724
2025-07-25 23:45:00,5.543803545144888,5.702294056336216,5.865811953177819,False,5.493092693030512,6.00832783702172,6.510224670914682
2025-07-26 00:00:00,5.611489425821508,5.756718666858941,5.944893449418088,False,5.408564182171516,5.9176380218176625,6.438556480135549
2025-07-26 00:15:00,5.445779977700649,5.590418483569723,5.730502002259605,False,5.327300056963771,5.828231740267493,6.322103690714437
2025-07-26 00:30:00,5.3480319733315325,5.494817118258323,5.675000190734863,False,5.250494574235076,5.75393790034371,6.256638982902713
2025-07-26 00:45:00,5.2656516886165,5.446906929480898,5.662500143051148,False,5.212824869552823,5.69898781491855,6.194661006743124
2025-07-26 01:00:00,5.281036440123859,5.3953566339541,5.605128257702559,False,5.13153127591516,5.656617295900139,6.175313695096524
2025-07-26 01:15:00,5.17627677714571,5.351332256097824,5.58468087581878,False,5.082005315606998,5.613750051846631,6.112228721456924
2025-07-26 01:30:00,5.134348172407884,5.329714937855232,5.580983009093847,False,5.037480256266792,5.558871497242872,6.034821297327793
2025-07-26 01:45:00,5.074999809265137,5.233524473457112,5.519361713084769,False,4.981641481892853,5.4884525568314935,6.018023618944564
2025-07-26 02:00:00,5.174999925825331,5.390916077807549,5.664422962400648,False,4.923439510500175,5.408290511291367,5.911162664037548
2025-07-26 02:15:00,5.261912437585684,5.419774262960184,5.697756394361838,False,4.840638345333955,5.329233823719561,5.840077726859395
2025-07-26 02:30:00,5.250638290161782,5.434106154711659,5.749840425937734,False,4.759681396897221,5.260073145460465,5.7131679357877045
2025-07-26 02:45:00,5.202884576259515,5.30006572617078,5.529860987622514,False,4.695393315658108,5.201956998975518,5.79348939928447
2025-07-26 03:00:00,5.0775639990456085,5.213412249428637,5.409081073907705,False,4.630974504196644,5.147649505074269,5.6404846557720285
2025-07-26 03:15:00,4.95957431387394,5.107600287095948,5.2810106419502425,False,4.5679972683526335,5.085976731029082,5.636023285356577
2025-07-26 03:30:00,4.855395117376605,5.022354065537301,5.209722335521992,False,4.453278884961952,5.0087152336379575,5.516234384027252
2025-07-26 03:45:00,4.756063812337024,4.877861925179519,4.996276658646604,False,4.375356922646385,4.915790798684701,5.433298648160069
2025-07-26 04:00:00,4.650587703427698,4.749282144854169,4.9100428687201605,False,4.324722276787778,4.815745795109821,5.352047854393618
2025-07-26 04:15:00,4.5751067450922775,4.672657546287755,4.828739469886845,False,4.228544850201966,4.72128100433312,5.269580492273819
2025-07-26 04:30:00,4.539468235665179,4.602796697344592,4.680212935995549,False,4.14053491560555,4.642544330124974,5.131944821117777
2025-07-26 04:45:00,4.379006371538863,4.543328315575658,4.715277737022465,False,4.102409093424041,4.582031301682079,5.137260268397083
2025-07-26 05:00:00,4.217021187315596,4.350002491270163,4.537233914720251,False,3.985464603335175,4.53384183611776,5.031370987741295
2025-07-26 05:15:00,4.095085355970594,4.239788572084559,4.402403782575559,False,3.994798707792722,4.487370721444482,5.021993093676315
2025-07-26 05:30:00,4.079593843883938,4.166307731514997,4.314850422052237,False,3.9049186238802718,4.432962772696547,4.931674800714677
2025-07-26 05:45:00,4.100744588324364,4.174839782041357,4.320159402806708,False,3.8416077045099546,4.366167355417879,4.8829711559131495
2025-07-26 06:00:00,4.125,4.230712634256741,4.4628738440000095,False,3.7514718970520278,4.288442279648606,4.776448035751499
2025-07-26 06:15:00,4.169017208947076,4.2694392153817455,4.458707208307381,False,3.6909024324313724,4.204619412081275,4.743649895652398
2025-07-26 06:30:00,4.212233898487497,4.2926089124563,4.3645213005390575,False,3.62955268077707,4.119529560479307,4.634054575493271
2025-07-26 06:45:00,4.266132540173,4.327337670980919,4.402350531684028,False,3.5402441827037228,4.036541827794127,4.549688377911663
2025-07-26 07:00:00,4.168298007072287,4.278394955012959,4.386915008057939,False,3.400852761108915,3.9591839732527783,4.456720385171773
2025-07-26 07:15:00,4.142895130010752,4.232824602498209,4.325534229604607,False,3.3617677755006583,3.89453531224019,4.382950589197343
2025-07-26 07:30:00,4.186965708039764,4.264916830068069,4.349999904632568,False,3.3292560312694954,3.8553987114095554,4.394543992133772
2025-07-26 07:45:00,4.173138383094301,4.314203928890893,4.454468075772549,False,3.3428193219451945,3.858587560193385,4.345657042090669
2025-07-26 08:00:00,4.34033106534909,4.497650241799779,4.665117567421024,False,3.372542470447335,3.918966759424605,4.453518122196538
2025-07-26 08:15:00,4.603882998608528,4.734964913894494,4.891648972288091,False,3.495812299102832,4.041819136822171,4.560173619860833
2025-07-26 08:30:00,4.783653795209705,4.9185454470739725,5.03066251013014,False,3.6976121343372315,4.217805797194494,4.725740564864072
2025-07-26 08:45:00,4.895299071939583,5.045740372719689,5.213461682327792,False,3.9151205778214226,4.424016388122594,4.9424847699150165
2025-07-26 09:00:00,4.993723489883098,5.111203945318786,5.263510760855168,False,4.123984105960401,4.631575487622632,5.123532028570626
2025-07-26 09:15:00,4.9857372340992985,5.176774890450136,5.355876083047981,False,4.27904899266015,4.816608295693909,5.368556208012476
2025-07-26 09:30:00,5.197542675539979,5.345986096090264,5.491719957090851,False,4.479230311637635,4.969205243974326,5.485058957816255
2025-07-26 09:45:00,5.356808593425345,5.498954739274888,5.619893597541972,False,4.587846373673236,5.095743568144794,5.615069082480993
2025-07-26 10:00:00,5.487553464041816,5.623905481635754,5.768963695591332,False,4.677236037480012,5.2132883679257365,5.7277294023091025
2025-07-26 10:15:00,5.476755227433874,5.671134000616735,5.829680696446845,False,4.821050295056779,5.3390117917376125,5.851973969831848
2025-07-26 10:30:00,5.55224358322274,5.792357717546295,6.057745760322636,False,4.932898678219918,5.4802720562384,5.978770041025911
2025-07-26 10:45:00,5.708226336373223,5.995279369460039,6.19337623547285,False,5.103435530392977,5.630610748835746,6.147276642956976
2025-07-26 11:00:00,5.8855850686418245,6.244477367150725,6.577234095715462,False,5.274686435866944,5.773616375028296,6.292760567809903
2025-07-26 11:15:00,5.997970134784014,6.37118249531767,6.692093849182129,False,5.349770263793933,5.892208567994007,6.389565370644881
2025-07-26 11:30:00,5.884255198214916,6.165182900046698,6.478350949794688,False,5.454524105346887,5.977915817602188,6.4896597417043544
2025-07-26 11:45:00,6.075213640164106,6.227279991018792,6.41549135477115,False,5.5707499905975455,6.034858848230922,6.576481305773494
2025-07-26 12:00:00,5.694070522601788,6.041851266962244,6.247970142935077,False,5.583089639803454,6.076329136211755,6.579898408997725
2025-07-26 12:15:00,5.2510639839984,5.8316048024973215,6.1129786775467245,False,5.611777620878672,6.116218812361854,6.631572052780493
2025-07-26 12:30:00,5.503418816460504,5.744410351966376,5.996688046007075,False,5.638817473227785,6.160559466483934,6.699616147637229
2025-07-26 12:45:00,5.425961724713317,5.985734905826328,6.308653853897356,False,5.688951523824434,6.20429300055307,6.717315144059334
2025-07-26 13:00:00,5.255532023247252,5.876593703990502,6.328457495506774,False,5.697547444743048,6.235193881240141,6.734389986673684
2025-07-26 13:15:00,5.489690265084943,6.001642131328497,6.475640869548178,False,5.717059240209587,6.242477586560615,6.802122896596298
2025-07-26 13:30:00,5.550638349005516,6.039720689567196,6.446382918256394,False,5.717802414830733,6.22468511618387,6.755665316090967
2025-07-26 13:45:00,4.784882486375988,5.49843950229984,6.021314211380788,False,5.672862690025659,6.191736144937738,6.666201688484684
2025-07-26 14:00:00,4.923984906612298,5.490081607560545,5.797436078389485,False,5.662052982281658,6.159494956796429,6.668102745664396
2025-07-26 14:15:00,5.450000016232754,5.659678574489112,5.850744730360964,False,5.619995965794578,6.139799978073191,6.622039672159355
2025-07-26 14:30:00,5.228044770721697,5.500926946436065,5.772489372481648,False,5.5996755366105,6.131917565300388,6.632012946667544
2025-07-26 14:45:00,4.874680728100715,5.300272294273739,5.624840338686679,False,5.569072166754435,6.120901130834158,6.6115863262821035
2025-07-26 15:00:00,4.623931444608248,5.186978076297297,5.651709291670057,False,5.566501000050228,6.084490756876967,6.656916689921516
2025-07-26 15:15:00,4.519764812583597,5.190279136325776,5.613568212232019,False,5.5150480977621825,6.005115178308394,6.503691656615053
2025-07-26 15:30:00,4.653297980288242,5.01160026791194,5.353297882891716,False,5.355669587926322,5.880223388390322,6.382653725532971
2025-07-26 15:45:00,4.658653974533081,5.070432805321307,5.502831236928956,False,5.181613602319998,5.724653952464357,6.230861730350259
2025-07-26 16:00:00,4.591773463110639,4.980011822739868,5.51014962970701,False,5.0611767551969855,5.562978788238124,6.077458514531755
2025-07-26 16:15:00,4.291276592903949,4.657908330281,4.892393538292418,False,4.901163381596057,5.415474017250926,5.876862751045751
2025-07-26 16:30:00,4.127083187429314,4.384346465358607,4.674358934418768,False,4.754557829079308,5.285342560626588,5.828285799384058
2025-07-26 16:45:00,3.893138314308004,4.1394857255945166,4.387553284016061,False,4.654355435738316,5.154665012441079,5.682011743306755
2025-07-26 17:00:00,3.932692349466503,4.105236850116096,4.224999904632568,False,4.472895344328084,4.992753037203138,5.509342320402336
2025-07-26 17:15:00,3.7913996297070094,3.974904537456733,4.150106915041932,False,4.263566195690024,4.770642222733802,5.281013019350815
2025-07-26 17:30:00,3.616010577627953,3.743071980750523,3.902021215317097,False,3.9745785278645256,4.47949456251172,5.01639440731296
2025-07-26 17:45:00,3.5477564222792277,3.66214833850101,3.7880341425920143,False,3.6448383890788416,4.138159630224784,4.649250653530395
2025-07-26 18:00:00,3.373457417589553,3.493202796632102,3.632553205084293,False,3.2456691676552922,3.7881466345035593,4.275802042480182
2025-07-26 18:15:00,3.306303450185009,3.383466539402012,3.4670405887131,False,2.94855818479606,3.4774140359453503,4.0004787649166405
2025-07-26 18:30:00,3.1911859308552537,3.333996176190713,3.46431615923205,False,2.676767225579472,3.2407659743971866,3.742044455552834
2025-07-26 18:45:00,3.0396276889963354,3.1751129397853783,3.3015958025100383,False,2.5980116252578505,3.086411969300201,3.6187400127480767
2025-07-26 19:00:00,2.9762819608052573,3.0760804197835494,3.173718010258471,True,2.470413106441945,2.9950591855716393,3.512750081982675
2025-07-26 19:15:00,3.037713632624373,3.109633107128133,3.2281516851522984,False,2.4054390474326723,2.9314889192069513,3.454965560651257
2025-07-26 19:30:00,2.984893624326016,3.0622618872356284,3.1521276068180164,False,2.334254244682682,2.8623460717006726,3.3659652699728557
2025-07-26 19:45:00,2.763354705949115,2.9122008541060005,3.042147418372652,False,2.242711332533093,2.7710942824379536,3.3104476402623013
2025-07-26 20:00:00,2.637606439184635,2.771641676070842,2.915744686126709,False,2.15352923917247,2.663088850032044,3.1907121933278115
2025-07-26 20:15:00,2.475640998946296,2.622047411925057,2.8162927148688555,False,1.986056181990261,2.559234815442056,3.0647701925736532
2025-07-26 20:30:00,2.400000095367432,2.467331560795297,2.5548076670393987,False,1.937713707554311,2.482643819285892,3.0058992854484177
2025-07-26 20:45:00,2.4411170665253983,2.5244773635328923,2.599148842628966,False,1.9432990478224414,2.445908163612965,2.901667282252625
2025-07-26 21:00:00,2.530128271151812,2.6040841403322275,2.699893154649653,False,1.9337963055034293,2.445540255573719,2.935944623128782
2025-07-26 21:15:00,2.630053256420379,2.7156518642715657,2.7948936482693285,False,1.9339953967727297,2.4656471986648354,2.961204810051658
2025-07-26 21:30:00,2.6728632969734,2.769675165064705,2.844017032884125,False,1.9774527957687453,2.4876990040202456,3.0448382547576385
2025-07-26 21:45:00,2.637713723712497,2.7150799890760293,2.793162359131707,False,1.9819440155455368,2.5002201170042095,3.0451670921051064
2025-07-26 22:00:00,2.614521236622587,2.6831840212931186,2.7412765482638743,False,2.003053869836349,2.5029112825313513,3.04726503588423
2025-07-26 22:15:00,2.637606788904239,2.754498086337242,2.8561965930156217,False,2.00428994210584,2.503445449308898,3.0294780703340605
2025-07-26 22:30:00,2.7767094872955584,2.8671967577730486,2.974465791995709,False,2.0100007106894235,2.5096393490724758,3.002942565217579
2025-07-26 22:45:00,2.93819147576677,3.0867473901953293,3.226170242593644,False,1.9860365952912942,2.5222669551582477,3.0138304038876127
2025-07-26 23:00:00,3.113675205116598,3.1872945226307543,3.261965857611762,False,2.042886517263402,2.533069891326873,3.0288727947102116
2025-07-26 23:15:00,3.152766002492702,3.2262387820399687,3.298723417647341,False,2.0269977653220694,2.5291205147071816,3.0474940888051467
2025-07-26 23:30:00,3.1466880588449984,3.254283496830155,3.3785256646637225,False,1.9994117391951627,2.5007360166648143,3.039663494555177
2025-07-26 23:45:00,3.050961494445801,3.1526156979618256,3.2314101732694187,False,1.9423424097842106,2.4479968619124053,2.9583609945876836
2025-07-27 00:00:00,3.055106431879896,3.130315520155748,3.208936166763306,False,1.8944688393081848,2.3818073191246993,2.8651346517574425
2025-07-27 00:15:00,2.97542736469171,3.0564814157151248,3.1805021589637823,False,1.8242922485464093,2.318740384786336,2.8184976110121345
2025-07-27 00:30:00,2.991382985419416,3.1683870511380943,3.324627705837818,False,1.773013254712864,2.272613973369789,2.7941875620771675
2025-07-27 00:45:00,2.9985042392698107,3.1087995414886502,3.239690173385489,False,1.7279654590924183,2.2476475982793804,2.739306098005882
2025-07-27 01:00:00,2.9316238918875017,3.096695303357629,3.2494658690232496,False,1.7091721219765172,2.2370644776486,2.7794924840402713
2025-07-27 01:15:00,3.07957447031711,3.2081505287303385,3.341914821178355,False,1.6777071938731558,2.227774943943883,2.767213996785839
2025-07-27 01:30:00,2.892361121299939,3.047280876938702,3.202403792968163,False,1.7065429007990949,2.2082502655956153,2.6977368039924734
2025-07-27 01:45:00,2.121848275518825,2.7030994175477208,3.035790631913731,False,1.6890283126346506,2.1749464640394516,2.724753920449708
2025-07-27 02:00:00,1.591170218650331,1.9714033519417629,2.417446756362915,False,1.622822968512473,2.133645172924079,2.633652607782676
2025-07-27 02:15:00,1.4129807587362762,1.5776120700431229,1.856196560920813,False,1.5445160400966753,2.095178477966492,2.5774168865148006
2025-07-27 02:30:00,1.4420212765957447,1.5205235268833304,1.594361724752061,False,1.5812676891514028,2.0683199370148113,2.583228041319168
2025-07-27 02:45:00,1.49369658720799,1.573628824967691,1.6751068173310697,False,1.5366718683677034,2.054200277130928,2.547826243927102
2025-07-27 03:00:00,1.6211538579728868,1.7945701434213823,1.97505341279201,False,1.5504537279581967,2.0455651370941723,2.552599976632879
2025-07-27 03:15:00,1.792127646791174,1.888005438766203,2.010372366296484,False,1.4709083468924107,2.031221430045157,2.543342177134363
2025-07-27 03:30:00,1.6052884535911756,1.8224681749411509,2.04690175739109,False,1.500200017219835,2.0029259024999737,2.516807173773448
2025-07-27 03:45:00,1.306223408212053,1.444860791905318,1.642765957243899,False,1.437725571134281,1.9605838896121668,2.472719680387642
2025-07-27 04:00:00,1.1554486975710616,1.2673911151202686,1.3761217986416614,False,1.4307234543727922,1.9127166853652824,2.458123173733178
2025-07-27 04:15:00,1.1841880587431102,1.2753716615378412,1.372329062376267,False,1.3393113361415494,1.8720033882903948,2.3605615259525043
2025-07-27 04:30:00,1.2456383020319837,1.332502041929391,1.4578723100905722,False,1.331367217012643,1.8485696285004796,2.3399544386522395
2025-07-27 04:45:00,1.3543803009212527,1.4796299309096654,1.6045406144908352,False,1.3306803591830296,1.8448880873293039,2.323574824770112
2025-07-27 05:00:00,1.4907050917291234,1.5854664605603388,1.688782051587716,False,1.3695481837476589,1.8550352775074082,2.351074087911594
2025-07-27 05:15:00,1.6194148652097011,1.7279244021972202,1.8130319412718428,False,1.320185939877158,1.86838204373937,2.37113192313369
2025-07-27 05:30:00,1.6260149575706222,1.7251973088426271,1.8012820405837815,False,1.3581117490881431,1.8752487358424101,2.378149778108588
2025-07-27 05:45:00,1.7208510885847377,1.7892460356259463,1.8767552949012596,False,1.3595025717705098,1.8711597511167355,2.3827994702782638
2025-07-27 06:00:00,1.8073717712337136,1.8806873896139755,1.9540598728717904,False,1.3331417855096,1.8575474464584758,2.4027475917342076
2025-07-27 06:15:00,1.89770299450964,1.9955644217745396,2.101335432794359,False,1.318795903810378,1.8392177685167788,2.3302648762884495
2025-07-27 06:30:00,2.0568085011015547,2.1211985276068104,2.174999952316284,False,1.3021700520418542,1.8209751571399142,2.313656625824105
2025-07-27 06:45:00,2.025000095367432,2.115513274114248,2.1783653701472487,False,1.293138470934806,1.8061619181260848,2.324918302551991
2025-07-27 07:00:00,2.016702208113163,2.084287239614792,2.172180881906063,False,1.254639834885463,1.7982786031472777,2.2942475051806586
2025-07-27 07:15:00,1.9514957727530065,2.0280996778202525,2.1000000279173894,False,1.315185118960565,1.8043769286690274,2.2925371947264535
2025-07-27 07:30:00,1.870833339344742,1.9781778790751767,2.051923031480903,False,1.3165690824461747,1.8372317905205602,2.345637301909633
2025-07-27 07:45:00,1.8337234106469664,1.9599699127193813,2.131808438199632,False,1.4401798605782357,1.9136282543399652,2.420143878741127
2025-07-27 08:00:00,1.9505341776415832,2.076188177005836,2.176976466790224,False,1.550307416212368,2.048402563839213,2.570283018945112
2025-07-27 08:15:00,2.1041132140363383,2.219370553445374,2.3487713510154657,False,1.734477418153552,2.2468085755753826,2.7756440506462883
2025-07-27 08:30:00,2.1870213488315016,2.5090228543123976,2.78904253878492,False,2.004301012050901,2.49947812869421,2.9941787369651
2025-07-27 08:45:00,2.6029380590487747,2.760368468315304,2.8692307472229004,False,2.2509164552319008,2.7834713304151704,3.3220525918709845
2025-07-27 09:00:00,2.5126596531969434,2.602752138598033,2.699202130703216,False,2.5516327970633603,3.0698829630223257,3.609660429741808
2025-07-27 09:15:00,2.358066156379178,2.481388887927237,2.582532041093223,False,2.814714917340512,3.3348081949618074,3.845905454847683
2025-07-27 09:30:00,2.350961446762085,2.4400690952459887,2.538461617934398,False,3.02824400824239,3.5683072104172746,4.077270972302519
2025-07-27 09:45:00,2.3110638385123394,2.4294997830647804,2.561648977563736,False,3.2415477201844305,3.7767268012455624,4.257490870236074
2025-07-27 10:00:00,2.329700915222494,2.511056324477021,2.738514952170543,False,3.4138638600136617,3.9771014463486365,4.471420202224407
2025-07-27 10:15:00,2.6481382846832275,2.960620416267364,3.27574465021174,False,3.6550037713672827,4.186572516026452,4.720537144602473
2025-07-27 10:30:00,2.946741450546134,3.2349204415038493,3.536271378525302,False,3.8882485731164707,4.412467311213063,4.972093510952075
2025-07-27 10:45:00,3.443749967803303,3.7237122676571537,3.94310900186881,False,4.0690843538375105,4.648296384899035,5.144677374583438
2025-07-27 11:00:00,3.708829825989744,3.883910599294536,4.107234008261498,False,4.380119851123918,4.8776171092652545,5.432179752737396
2025-07-27 11:15:00,3.934188021553888,4.301456412312594,4.681516987645728,False,4.525775276547387,5.0833179027499975,5.5869328559351885
2025-07-27 11:30:00,4.180822782027415,4.612020818336071,4.97665598249843,False,4.760055756051679,5.25689598291474,5.771666504356334
2025-07-27 11:45:00,4.28313834413569,4.660886379948241,4.952074454693084,False,4.829425938654913,5.402440758566854,5.91226830559678
2025-07-27 12:00:00,4.434081189652794,4.752956217786446,4.949999809265137,False,5.000048045541408,5.533212367699099,6.0910834137028536
2025-07-27 12:15:00,4.29999994318536,4.9609327784616415,5.495851019595532,False,5.130018789909203,5.663071598581461,6.229600501464215
2025-07-27 12:30:00,4.61575840273474,5.21129772476249,5.655181568911952,False,5.259537147452652,5.7980187128796645,6.353540367413316
2025-07-27 12:45:00,5.025000024045634,5.668572470725157,6.314155961713221,False,5.37041782809588,5.9329643173558955,6.514880042861775
2025-07-27 13:00:00,5.801489403907289,6.344488672616526,6.8617022838998345,False,5.493211693678763,6.055651634346406,6.5820090261060775
2025-07-27 13:15:00,5.907745622162127,6.34276163875027,6.85448710123698,False,5.6251886377477005,6.1552649664071595,6.74382559507149
2025-07-27 13:30:00,5.518138183431423,5.987661849885788,6.538244673546324,False,5.654057574592637,6.230314224624451,6.770048078569765
2025-07-27 13:45:00,5.351816150877211,5.683222634620202,6.11955135092776,False,5.72921812171735,6.290688099339329,6.870339995575503
2025-07-27 14:00:00,5.557799041780651,5.869333982701777,6.112019343253894,False,5.799635703463443,6.352220011516452,6.937209134449228
2025-07-27 14:15:00,5.819574469708382,6.095201239035431,6.363723487042366,False,5.83574968858496,6.4267176631557,7.031426772390367
2025-07-27 14:30:00,5.900000058687651,6.127030609069813,6.422863196104001,False,5.950386935180278,6.5134168416257445,7.055485136609707
2025-07-27 14:45:00,5.821634459699321,6.244570140297531,6.587393241050916,False,5.989053389441529,6.597340561949801,7.179211125617681
2025-07-27 15:00:00,5.6004254381707375,6.23065936588928,6.60212779755288,False,6.063594048726368,6.656198697127598,7.259354839912288
2025-07-27 15:15:00,5.929594058256883,6.214270578156516,6.536485097347161,False,6.063253910293409,6.672389976616706,7.322141371020696
2025-07-27 15:30:00,6.039680819815778,6.453906298655091,6.732553161458767,False,6.020195420185954,6.643333607817543,7.269819441790901
2025-07-27 15:45:00,6.203311889599531,6.633959580490992,6.945352542094695,False,5.922269929868344,6.583838605087632,7.228240048542548
2025-07-27 16:00:00,6.130608882659521,6.625267322931881,6.974999904632568,False,5.857250909753855,6.518447584750028,7.184270610666489
2025-07-27 16:15:00,5.945000161515906,6.401874149023758,6.799361732158255,False,5.824747732989512,6.467407631499731,7.151665769122777
2025-07-27 16:30:00,5.9504274364210605,6.204507648305343,6.461164454109649,False,5.730891214963084,6.433892908158235,7.101955521627213
2025-07-27 16:45:00,5.69617015148731,6.083782274376596,6.295744855353173,False,5.701862848736113,6.399955543148967,7.055360103663462
2025-07-27 17:00:00,5.506196478493194,5.753801612729137,6.041453025279901,False,5.670230016097878,6.334284827390443,7.044796822689501
2025-07-27 17:15:00,5.378953006532457,5.530283010333295,5.737820576398801,False,5.547952134788804,6.208482722554992,6.897573221803842
2025-07-27 17:30:00,5.297074397066806,5.474988249230028,5.594042435098202,False,5.285348822745409,6.013683713772717,6.744185714021168
2025-07-27 17:45:00,5.034615437189738,5.237936691831168,5.460897388621273,False,5.073614833864189,5.7687102112515705,6.5236997204495975
2025-07-27 18:00:00,4.8159188490647535,4.947406588963843,5.095672964030861,False,4.815212313263909,5.5150446165330775,6.294061539383342
2025-07-27 18:15:00,4.489148807525635,4.685058393845358,4.876595750768134,False,4.569723412086497,5.300618951375174,6.015676975368495
2025-07-27 18:30:00,4.538408057302491,4.776668011428964,5.010149497252244,False,4.394115859962983,5.160211295815233,5.993513342774966
2025-07-27 18:45:00,4.84611704806064,4.987870062926929,5.085850985506748,False,4.331495479643247,5.102005500200969,5.938015765231749
2025-07-27 19:00:00,4.780395399810922,4.910593028241102,5.064155933184502,True,4.354609735546764,5.106683460477854,5.877261881562694
2025-07-27 19:15:00,4.84396354153625,4.999721972494478,5.149572743309869,False,4.341712872389414,5.139001614331607,6.010772752951389
2025-07-27 19:30:00,4.695532031769448,4.821948856182797,4.961436127601786,False,4.314648324982647,5.165580424950878,6.010361222608713
2025-07-27 19:45:00,4.717094081079858,4.826420971314936,4.9922542286734295,False,4.33381787123692,5.169859522517746,6.033133871290174
2025-07-27 20:00:00,4.774414957330582,4.934784279793514,5.125,False,4.314421564110892,5.157170634108009,6.037495148529381
2025-07-27 20:15:00,4.721474333706065,4.858824787011557,5.065918783856254,False,4.3008444126063035,5.148395675286597,6.039223612782275
2025-07-27 20:30:00,4.652457369698419,4.804491734682463,4.999305474452483,False,4.243583295635715,5.1666236147445215,6.071045404458002
2025-07-27 20:45:00,4.884627652675547,5.079547084922325,5.292606410574406,False,4.391073410228173,5.22442454380177,6.17084854245687
2025-07-27 21:00:00,5.055769184715728,5.217862138333679,5.451388784962842,False,4.482204790747706,5.318289126668936,6.256466679860323
2025-07-27 21:15:00,5.158226428887783,5.3011313677744605,5.449038381250496,False,4.518676807604229,5.4323031982272045,6.512745063890947
2025-07-27 21:30:00,5.290000028813139,5.390711158926857,5.504361718766233,False,4.628271173454729,5.547915981089869,6.5659740648649025
2025-07-27 21:45:00,5.36752131046393,5.487700039145079,5.618376069598728,False,4.645221006757195,5.653631617929848,6.650196566353392
2025-07-27 22:00:00,5.449999809265137,5.52078017086002,5.621666669845581,False,4.835454927667564,5.749131041650193,6.71432074088359
